10;-0.0140;-0.9929;0.2328;-0.0031;-0.0448;-0.1273
11;-0.0142;-0.9916;0.2329;-0.0024;0.0272;-0.1197
12;-0.0161;-0.9930;0.2324;-0.0360;-0.0261;-0.0411
13;-0.0115;-0.9921;0.2343;-0.0730;-0.0188;-0.0077
14;-0.0139;-0.9917;0.2330;0.0036;0.0474;0.0011
15;-0.0134;-0.9937;0.2321;-0.0514;0.0125;0.0062
16;-0.0135;-0.9919;0.2318;-0.0471;-0.0292;0.0973
17;-0.0132;-0.9911;0.2332;-0.0199;-0.0439;-0.0083
18;-0.0143;-0.9917;0.2327;0.0257;-0.0273;0.0673
19;-0.0134;-0.9919;0.2346;-0.0326;-0.0359;-0.0567
32;-0.0135;-0.9917;0.2340;-0.0039;0.0536;0.1200
33;-0.0135;-0.9928;0.2331;-0.0371;-0.0497;-0.0269
34;-0.0143;-0.9946;0.2323;0.0368;-0.0325;0.2212
35;-0.0149;-0.9930;0.2334;-0.1115;0.0427;0.1963
36;-0.0174;-0.9919;0.2341;0.0373;0.0235;0.2334
37;-0.0148;-0.9928;0.2319;-0.0230;-0.0351;0.0391
38;-0.0145;-0.9916;0.2325;-0.0128;0.0586;-0.0655
39;-0.0135;-0.9912;0.2342;-0.0206;-0.0421;-0.0098
40;-0.0144;-0.9922;0.2327;0.0121;-0.0609;-0.0770
41;-0.0148;-0.9928;0.2353;0.0167;-0.0533;-0.1632
55;-0.0139;-0.9918;0.2322;-0.0242;0.0350;0.0566
56;-0.0150;-0.9912;0.2356;0.0210;-0.0775;0.0429
57;-0.0134;-0.9938;0.2313;-0.0169;-0.0284;-0.0174
58;-0.0148;-0.9923;0.2296;0.0421;-0.0375;-0.0182
59;-0.0136;-0.9925;0.2311;-0.0386;-0.0688;0.0215
60;-0.0160;-0.9932;0.2336;0.0925;-0.0224;-0.0938
61;-0.0144;-0.9931;0.2323;-0.0299;0.0272;-0.0693
62;-0.0150;-0.9926;0.2316;-0.0016;0.0324;-0.0434
63;-0.0146;-0.9918;0.2329;0.0404;0.1012;0.0157
76;-0.0149;-0.9928;0.2336;0.0381;0.0499;0.0444
77;-0.0136;-0.9920;0.2336;0.0427;0.1085;0.0093
78;-0.0142;-0.9926;0.2337;-0.0665;-0.0615;-0.0641
79;-0.0149;-0.9914;0.2325;0.0208;-0.0001;-0.0347
80;-0.0152;-0.9909;0.2322;0.1993;0.0194;0.0297
81;-0.0129;-0.9929;0.2320;0.0282;0.0174;0.1954
82;-0.0144;-0.9914;0.2342;-0.0260;0.0330;0.1366
83;-0.0166;-0.9928;0.2336;0.0304;0.0678;0.0116
84;-0.0156;-0.9926;0.2326;-0.0016;0.0124;-0.0640
85;-0.0148;-0.9917;0.2326;0.0778;0.0042;0.0475
99;-0.0149;-0.9933;0.2318;-0.0240;0.0164;0.0925
100;-0.0147;-0.9939;0.2288;0.0130;0.0236;-0.0411
101;-0.0132;-0.9931;0.2308;-0.0552;0.0461;0.1292
102;-0.0137;-0.9931;0.2314;-0.0644;-0.0153;0.0001
103;-0.0135;-0.9918;0.2324;0.0780;-0.0463;0.0188
104;-0.0142;-0.9937;0.2309;0.0622;-0.0191;0.0309
105;-0.0142;-0.9937;0.2325;-0.0415;0.0259;-0.0922
106;-0.0139;-0.9925;0.2327;-0.0212;-0.0084;-0.0246
107;-0.0142;-0.9920;0.2305;0.0816;0.0045;-0.0571
120;-0.0124;-0.9915;0.2312;-0.0593;-0.0698;0.0696
121;-0.0155;-0.9928;0.2314;-0.0149;0.0205;-0.0495
122;-0.0131;-0.9924;0.2318;-0.0251;-0.0093;0.0513
123;-0.0145;-0.9936;0.2327;-0.0259;-0.0294;0.0146
124;-0.0125;-0.9917;0.2311;0.0633;0.0154;-0.0991
125;-0.0144;-0.9923;0.2304;0.0717;0.0802;-0.0556
126;-0.0127;-0.9914;0.2305;-0.0062;-0.0180;0.0452
127;-0.0141;-0.9949;0.2317;-0.0482;-0.0381;0.0768
128;-0.0133;-0.9926;0.2318;-0.0383;0.0823;-0.0243
129;-0.0134;-0.9936;0.2317;0.0824;-0.0577;0.1453
142;-0.1758;-0.9364;0.2158;-31.0256;-14.1315;20.1293
143;-0.2103;-0.9129;0.1552;-3.0573;-10.2238;107.2528
144;-0.2145;-0.8609;0.1415;4.7438;-9.5720;43.8410
145;-0.4152;-0.9081;0.2126;15.7838;-3.9513;38.8012
146;-0.4114;-0.9194;0.2060;12.0717;-2.8520;26.4681
147;-0.4652;-0.8786;0.2199;19.1656;0.7761;-12.2670
148;-0.4641;-0.9002;0.2536;0.1556;1.6859;-3.9441
149;-0.4435;-0.8870;0.2508;-11.8993;-3.2834;8.2398
150;-0.4559;-0.8788;0.2194;-8.7100;2.1499;2.5780
151;-0.4583;-0.8576;0.2086;-5.9917;2.2182;1.1780
164;-0.4482;-0.8857;0.2226;-0.0283;-0.0156;-0.3220
165;-0.4460;-0.8859;0.2188;-0.3711;0.0062;-0.2112
166;-0.4475;-0.8861;0.2197;0.0114;-0.0145;0.1101
167;-0.4464;-0.8850;0.2197;-0.3818;0.0458;-0.0647
168;-0.4450;-0.8859;0.2193;0.1182;0.0333;0.0220
169;-0.4466;-0.8856;0.2179;0.0897;-0.0160;0.0513
170;-0.4476;-0.8865;0.2218;-0.1227;0.0395;-0.0602
171;-0.4465;-0.8838;0.2178;-0.1932;0.0049;-0.0449
172;-0.4470;-0.8863;0.2202;-0.0004;-0.0504;-0.0403
173;-0.4482;-0.8847;0.2201;-0.2601;0.0162;0.3696
186;-0.4480;-0.8842;0.2168;0.0808;0.0220;0.0253
187;-0.4471;-0.8849;0.2172;0.1443;-0.0765;0.2108
188;-0.4482;-0.8852;0.2172;-0.0986;-0.0656;-0.2495
189;-0.4465;-0.8853;0.2170;-0.2967;-0.1166;-0.5411
190;-0.4458;-0.8854;0.2167;-0.2100;-0.0752;0.1429
191;-0.4468;-0.8855;0.2176;-0.2405;0.0184;0.0879
192;-0.4479;-0.8858;0.2151;0.0160;-0.0707;-0.0857
193;-0.4469;-0.8851;0.2150;0.0405;-0.0620;-0.0560
194;-0.4464;-0.8846;0.2153;-0.0062;-0.0876;-0.4869
195;-0.4392;-0.8866;0.2122;1.9514;-3.1458;0.2252
208;-0.8241;-0.5601;0.1402;-29.1975;-14.6546;26.8160
209;-0.8416;-0.5152;0.1585;-27.3489;-26.3803;19.2487
210;-0.8648;-0.5004;0.1606;-25.1989;-26.7971;17.1757
211;-0.8604;-0.4366;0.1838;-24.1698;-31.9654;27.6393
212;-0.9209;-0.4289;0.2252;-35.8428;-41.6574;28.3424
213;-0.9181;-0.3935;0.2447;-12.4614;1.9744;-2.6384
214;-0.9157;-0.3854;0.2344;-22.0526;-14.8536;15.1751
215;-0.9222;-0.3639;0.2379;-3.9357;-3.1855;8.4207
216;-0.9346;-0.3452;0.2440;-8.8703;-5.9955;2.7872
217;-0.9324;-0.3462;0.2471;-2.7955;-3.4934;2.6925
218;-0.9327;-0.3427;0.2528;-0.9322;-0.6101;0.4001
231;-0.9379;-0.3293;0.2529;-4.1650;-5.2711;6.0659
232;-0.9397;-0.3215;0.2582;0.2251;0.0129;1.7078
233;-0.9424;-0.3172;0.2532;3.1005;4.0657;2.6257
234;-0.9429;-0.3131;0.2483;1.1610;2.0510;4.3641
235;-0.9478;-0.3043;0.2492;-0.9772;0.9541;5.0490
236;-0.9505;-0.2950;0.2450;0.3205;0.1579;7.0345
237;-0.9518;-0.2766;0.2486;0.8678;-2.5831;10.7861
238;-0.9599;-0.2620;0.2542;-1.2427;-2.3841;7.8910
239;-0.9636;-0.2516;0.2583;-1.7696;0.0632;4.3146
240;-0.9644;-0.2419;0.2560;-2.2352;-0.5352;6.3291
252;-0.9958;-0.0300;0.2399;-8.7296;-6.7549;9.6635
253;-0.9967;-0.0110;0.2519;-5.7093;-2.4200;7.0833
254;-0.9947;-0.0014;0.2439;-2.6274;5.8968;4.3014
255;-0.9920;0.0112;0.2384;-3.4518;-3.1846;10.9453
256;-0.9973;0.0212;0.2501;0.2801;-0.8688;-0.0525
257;-0.9974;0.0216;0.2494;0.2236;-0.3291;-0.0080
258;-0.9963;0.0206;0.2520;-0.0329;0.0990;0.0169
259;-0.9965;0.0218;0.2519;-0.0589;0.2037;-0.0197
260;-0.9966;0.0222;0.2497;-0.0296;0.8495;0.0391
261;-0.9964;0.0215;0.2472;-0.0314;-0.1401;-0.0808
274;-0.9964;0.0221;0.2487;0.0182;0.0602;0.1169
275;-0.9975;0.0220;0.2493;-0.0057;0.0097;-0.0044
276;-0.9964;0.0219;0.2471;0.0497;-0.0207;-0.0235
277;-0.9974;0.0206;0.2491;0.0254;-0.0137;-0.1304
278;-0.9967;0.0220;0.2503;0.0312;-0.0397;-0.0445
279;-0.9971;0.0226;0.2508;-0.0056;0.0349;0.0088
280;-0.9973;0.0226;0.2483;-0.0665;0.0553;0.0884
281;-0.9967;0.0217;0.2514;-0.0854;0.0614;-0.0945
282;-0.9965;0.0219;0.2491;0.0572;0.0682;0.0994
283;-0.9973;0.0215;0.2486;-0.0169;-0.0345;-0.0189
295;-0.9969;0.0221;0.2502;0.0225;0.0800;-0.0675
296;-0.9970;0.0215;0.2476;0.0449;-0.0151;0.0620
297;-0.9965;0.0215;0.2486;0.0518;0.0060;-0.1052
298;-0.9968;0.0220;0.2495;0.0623;-0.0003;0.0146
299;-0.9971;0.0221;0.2500;0.0661;-0.0352;0.0036
300;-0.9985;0.0219;0.2487;0.0022;0.0040;-0.0707
301;-0.9973;0.0224;0.2489;-0.0195;0.0477;-0.0260
302;-0.9972;0.0205;0.2507;-0.0290;-0.0220;-0.0560
303;-0.9970;0.0217;0.2491;-0.0137;0.0220;-0.0136
304;-0.9976;0.0213;0.2507;0.0420;-0.0078;-0.0670
305;-0.9972;0.0212;0.2477;0.0690;0.0241;0.0872
317;-0.9971;0.0219;0.2490;0.0109;-0.0101;0.0490
318;-0.9976;0.0214;0.2480;-0.0070;0.0419;0.0299
319;-0.9961;0.0232;0.2493;0.0063;0.0128;-0.0556
320;-0.9968;0.0217;0.2476;-0.0063;0.0212;0.0893
321;-0.9972;0.0228;0.2499;-0.0036;0.0243;-0.0573
322;-0.9972;0.0228;0.2502;-0.0283;0.0287;0.0013
323;-0.9966;0.0222;0.2504;-0.0741;-0.0391;0.0094
324;-0.9959;0.0224;0.2495;0.0491;-0.0307;-0.1125
325;-0.9970;0.0213;0.2483;-0.0024;-0.0049;0.0426
326;-0.9971;0.0220;0.2480;0.0427;-0.0012;-0.0070
327;-0.9976;0.0232;0.2480;0.0220;0.0572;-0.1098
328;-0.9963;0.0226;0.2490;0.0124;0.0220;-0.0273
340;-0.9964;0.0215;0.2488;0.0289;0.0045;-0.0475
341;-0.9974;0.0209;0.2502;-0.1337;-0.0345;0.0108
342;-0.9962;0.0220;0.2491;-0.0604;-0.0475;0.0040
343;-0.9966;0.0219;0.2476;0.0167;-0.0470;-0.0189
344;-0.9980;0.0229;0.2509;0.0190;0.0156;-0.0075
345;-0.9967;0.0216;0.2513;0.0274;-0.0237;-0.0128
346;-0.9979;0.0213;0.2499;0.4951;0.1352;-0.0854
347;-0.9986;0.0221;0.2481;1.2474;1.0730;-0.6306
348;-0.9988;0.0239;0.2428;0.9891;4.6191;-1.7459
349;-0.9994;0.0008;0.2304;2.9419;11.1228;-6.6553
350;-0.9893;-0.0095;0.2040;7.4625;23.4869;-18.0819
362;-0.3860;-0.0545;-0.6920;-33.5657;35.1551;0.6629
363;-0.3217;-0.0098;-0.7355;-5.8802;15.9075;2.3986
364;-0.3114;0.0138;-0.7205;0.8846;-6.0719;0.0910
365;-0.3239;0.0750;-0.7161;-12.0024;-5.2054;-59.0649
366;-0.2725;-0.0851;-0.7182;-25.0856;28.2559;-50.9044
367;-0.2750;0.0095;-0.7226;0.7060;-2.0627;0.2284
368;-0.2745;0.0075;-0.7309;0.0228;0.6022;0.0047
369;-0.2740;0.0059;-0.7303;0.0365;0.1961;-0.0396
370;-0.2736;0.0070;-0.7318;-0.0696;-0.1994;-0.1541
371;-0.2749;0.0050;-0.7301;0.0213;0.1724;-0.0434
372;-0.2733;0.0055;-0.7286;0.0801;0.0487;-0.1037
373;-0.2742;0.0075;-0.7307;0.0396;0.0472;0.0056
374;-0.2732;0.0045;-0.7314;-0.0854;0.1170;0.0486
387;-0.2712;0.0065;-0.7313;0.0288;0.1098;0.0719
388;-0.2707;0.0069;-0.7307;-0.0025;0.0732;0.0574
389;-0.2704;0.0060;-0.7317;-0.0210;0.0281;-0.0525
390;-0.2709;0.0060;-0.7304;0.0274;0.0472;0.0375
391;-0.2715;0.0060;-0.7301;0.0106;0.0193;0.1574
392;-0.2708;0.0046;-0.7321;0.0610;0.0739;0.0672
393;-0.2705;0.0073;-0.7321;0.0289;0.1006;-0.0464
394;-0.2718;0.0063;-0.7325;-0.0474;0.1547;-0.0037
395;-0.2707;0.0063;-0.7325;-0.0537;0.0632;-0.0470
396;-0.2697;0.0061;-0.7318;0.0842;0.0907;-0.1339
409;-0.2694;0.0072;-0.7309;0.0923;0.0831;0.0724
410;-0.2690;0.0080;-0.7326;0.0557;0.0220;-0.0777
411;-0.2685;0.0079;-0.7315;-0.0360;0.0307;0.0040
412;-0.2698;0.0068;-0.7327;0.0259;0.0214;0.0637
413;-0.2677;0.0071;-0.7340;-0.0413;0.0312;-0.0960
414;-0.2686;0.0061;-0.7315;-0.0062;-0.0565;-0.0357
415;-0.2683;0.0063;-0.7323;-0.0024;0.0258;-0.0876
416;-0.2691;0.0064;-0.7323;-0.0100;-0.0421;-0.0105
417;-0.2691;0.0060;-0.7333;0.0343;0.0449;-0.0686
418;-0.2677;0.0065;-0.7332;0.0128;0.0558;0.0001
430;-0.2662;0.0067;-0.7322;-0.0413;0.1199;-0.1182
431;-0.2671;0.0062;-0.7336;-0.0024;0.0113;-0.0380
432;-0.2671;0.0058;-0.7330;0.0283;0.0025;-0.0726
433;-0.2669;0.0068;-0.7331;-0.0588;0.0449;0.0223
434;-0.2666;0.0067;-0.7320;0.0313;-0.0375;-0.1040
435;-0.2674;0.0070;-0.7305;0.0827;0.0724;-0.0014
436;-0.2676;0.0070;-0.7321;0.0725;0.0732;0.0101
437;-0.2671;0.0071;-0.7310;-0.0649;0.0357;-0.1162
438;-0.2680;0.0064;-0.7329;-0.0039;-0.0017;0.0215
439;-0.2673;0.0060;-0.7309;-0.0772;0.0831;0.0091
440;-0.2686;0.0068;-0.7335;-0.0612;0.0899;-0.0838
452;-0.8687;-0.2887;-0.1374;93.0723;-244.2921;3.3916
453;-0.8397;-0.2916;0.3806;97.6014;-250.0696;-10.0311
454;-0.6255;-0.3867;0.8299;92.6151;-250.0696;-170.7111
455;-0.2481;-0.3784;1.1711;105.0533;-153.3097;-78.8655
456;0.0144;-0.0895;1.2188;109.5377;16.6533;-12.9342
457;-0.0266;-0.0312;1.2446;2.8304;-0.8497;-0.2899
458;-0.0233;-0.0119;1.2427;0.0175;-0.0459;0.0627
459;-0.0235;-0.0104;1.2409;-0.0398;-0.0492;-0.1220
460;-0.0230;-0.0107;1.2426;-0.0361;-0.0164;0.0749
461;-0.0234;-0.0115;1.2417;-0.0146;-0.0671;-0.1142
475;-0.0241;-0.0118;1.2416;-0.0036;-0.0274;-0.0335
476;-0.0242;-0.0106;1.2417;0.0411;-0.0047;-0.0557
477;-0.0243;-0.0113;1.2417;0.0602;-0.0077;0.0015
478;-0.0237;-0.0111;1.2411;0.0175;-0.0046;-0.0267
479;-0.0250;-0.0107;1.2422;0.0111;-0.0169;-0.0739
480;-0.0241;-0.0108;1.2425;-0.0476;-0.0818;0.0185
481;-0.0239;-0.0107;1.2442;-0.0384;0.0151;-0.0525
482;-0.0233;-0.0108;1.2410;0.0214;-0.0726;-0.0525
483;-0.0239;-0.0112;1.2426;0.0533;-0.0734;-0.0296
484;-0.0249;-0.0106;1.2411;-0.0031;-0.0658;-0.0067
485;-0.0245;-0.0114;1.2411;-0.0207;0.0080;-0.0425
498;-0.0249;-0.0115;1.2425;0.0329;-0.1160;-0.0092
499;-0.0239;-0.0106;1.2399;0.0940;-0.0075;-0.0335
500;-0.0243;-0.0107;1.2436;0.0324;-0.0101;-0.0548
501;-0.0236;-0.0113;1.2420;0.0459;0.0293;0.0420
502;-0.0241;-0.0115;1.2399;0.0144;0.0463;-0.0411
503;-0.0237;-0.0120;1.2430;-0.0450;-0.0337;-0.0266
504;-0.0240;-0.0122;1.2417;-0.0340;-0.0206;0.0261
505;-0.0250;-0.0115;1.2442;-0.0187;-0.0188;-0.0510
506;-0.0235;-0.0111;1.2427;0.0228;-0.0096;-0.0251
507;-0.0240;-0.0113;1.2416;0.0542;-0.0414;-0.0266
520;-0.0245;-0.0105;1.2416;0.0182;-0.1001;-0.0411
521;-0.0246;-0.0111;1.2413;-0.0016;0.0144;-0.0510
522;-0.0242;-0.0115;1.2422;0.0236;-0.0696;-0.0112
523;-0.0236;-0.0098;1.2416;0.0297;-0.0635;0.0407
524;-0.0234;-0.0112;1.2439;0.1097;-0.0192;0.0093
525;-0.0253;-0.0103;1.2421;0.0039;0.0005;0.1215
526;-0.0228;-0.0104;1.2419;-0.0433;0.0938;-0.0284
527;-0.0236;-0.0115;1.2424;-0.0236;0.0089;-0.0510
528;-0.0241;-0.0112;1.2437;-0.0044;0.0561;-0.0854
529;-0.0245;-0.0105;1.2410;0.0075;-0.0098;0.0041
544;-0.0234;-0.0108;1.2412;-0.0161;-0.1780;0.1856
545;-0.0231;-0.0097;1.2429;-0.0657;-0.0398;-0.0144
546;-0.0243;-0.0108;1.2409;0.0083;-0.0994;-0.1625
547;-0.0242;-0.0123;1.2439;-0.0991;-0.1098;0.0383
548;-0.0230;-0.0102;1.2420;-0.0192;0.1665;-0.0037
549;-0.0237;-0.0123;1.2400;-0.1047;0.0480;-0.0158
550;-0.0216;-0.0150;1.2406;0.2824;-0.6585;0.4958
551;-0.0206;-0.0310;1.2449;5.4053;-2.3072;-5.2957
552;-0.0169;-0.0330;1.3055;-62.7148;-0.2367;0.3412
565;0.0201;-0.9253;0.5994;-9.5176;-0.7627;-1.2968
566;0.0326;-0.9136;0.6221;27.5050;-0.5215;-6.0894
567;0.0192;-0.9015;0.6618;10.6872;0.7617;3.9826
568;0.0224;-0.8959;0.6667;-5.3042;0.0045;-0.0151
569;0.0226;-0.9021;0.6514;-7.0306;1.2655;2.7475
570;0.0180;-0.9076;0.6437;-4.9841;0.5228;1.1925
571;0.0139;-0.9116;0.6348;-2.8405;0.5128;1.0528
572;0.0155;-0.9110;0.6369;0.4877;0.3052;0.5149
573;0.0111;-0.9111;0.6353;-1.1322;0.3365;0.8200
574;0.0110;-0.9121;0.6343;-1.1772;0.2067;0.7696
586;0.0049;-0.9190;0.6159;0.3411;-0.0064;-0.1502
587;0.0049;-0.9200;0.6135;-1.1551;-0.0810;-0.2731
588;0.0018;-0.9215;0.6110;-2.1027;0.1800;0.4298
589;0.0030;-0.9208;0.6065;-0.7031;-0.0719;-0.0075
590;0.0041;-0.9215;0.6063;-1.1802;-0.1050;-0.1319
591;0.0045;-0.9227;0.6025;-0.5040;0.0977;0.1704
592;0.0037;-0.9229;0.6045;-0.9804;0.0419;-0.0495
593;0.0039;-0.9239;0.6029;-1.1322;-0.1643;-0.1716
594;0.0033;-0.9271;0.5974;-3.5260;0.3266;1.9924
595;0.0003;-0.9269;0.5957;-0.0219;0.3373;0.9780
596;-0.0029;-0.9280;0.5982;-0.4306;0.1434;0.5887
597;-0.0023;-0.9288;0.5948;-0.3219;-0.0177;0.0409
609;-0.4297;-0.7726;0.6298;-10.4396;60.8602;72.4608
610;-0.5247;-0.7588;0.5235;-14.5436;38.7831;31.4414
611;-0.5455;-0.7481;0.4845;-24.0978;48.6903;15.7512
612;-0.5994;-0.7922;0.4402;-23.6917;12.7023;-13.4208
613;-0.5907;-0.8001;0.3723;-3.7178;-8.4612;-4.2731
614;-0.5745;-0.7893;0.3994;-1.8810;2.0754;-4.6930
615;-0.5703;-0.7963;0.3823;0.0732;-0.9658;-0.6808
616;-0.5707;-0.7969;0.3958;0.7862;-2.2154;-0.3281
617;-0.5716;-0.7971;0.3927;-2.1911;-1.0986;0.9055
618;-0.5744;-0.7940;0.3892;-1.9940;0.4144;1.8711
619;-0.5732;-0.7943;0.3897;-1.0703;-0.8851;-0.2993
632;-0.5747;-0.7976;0.3666;0.2304;0.0312;-0.2808
633;-0.5737;-0.7987;0.3667;-0.0033;0.0457;-0.1090
634;-0.5743;-0.7971;0.3661;-0.0711;0.1533;0.2078
635;-0.5757;-0.7991;0.3651;-0.2093;0.3116;0.0215
636;-0.5736;-0.8010;0.3628;-0.4138;0.1168;-0.2434
637;-0.5728;-0.7991;0.3634;-0.0609;-0.0261;-0.0640
638;-0.5732;-0.7997;0.3645;-0.3493;0.2457;-0.1205
639;-0.5737;-0.7993;0.3617;-0.3543;0.2495;0.1093
640;-0.5741;-0.8003;0.3624;-0.5665;0.3177;-0.2153
641;-0.5737;-0.7987;0.3595;-0.3818;0.1716;0.1387
653;-0.5759;-0.7998;0.3565;0.1114;0.0754;-0.1258
654;-0.5755;-0.7997;0.3555;-0.1089;0.2556;-0.1292
655;-0.5750;-0.7995;0.3551;0.0243;0.0083;-0.0684
656;-0.5743;-0.7984;0.3560;-0.0604;0.0594;-0.1770
657;-0.5750;-0.8009;0.3556;0.0579;0.1749;0.0742
658;-0.5752;-0.7987;0.3558;-0.2131;-0.0872;0.0809
659;-0.5745;-0.8010;0.3556;-0.0932;0.0118;0.0513
660;-0.5747;-0.7995;0.3556;-0.0238;-0.0574;-0.1388
661;-0.5743;-0.8007;0.3530;-0.2322;0.0022;0.0391
662;-0.5733;-0.8004;0.3546;-0.2042;0.1869;-0.0800
663;-0.5738;-0.8000;0.3557;-0.1482;0.1121;0.1085
675;-0.5699;-0.8028;0.3542;-0.1192;0.0586;-0.0617
676;-0.5709;-0.8026;0.3532;-0.5763;0.1619;-0.3861
677;-0.5685;-0.8039;0.3502;-2.4904;0.7948;-2.8104
678;-0.5663;-0.8074;0.3484;-0.4703;-0.5910;-2.2225
679;-0.5599;-0.8123;0.3501;4.7454;-1.8172;-11.0677
680;-0.5397;-0.8243;0.3705;1.6496;-0.6675;-19.4670
681;-0.5056;-0.8451;0.3558;-8.2273;7.0135;-19.2983
682;-0.4865;-0.9170;0.3212;14.0066;36.1804;7.9973
683;-0.5235;-0.8828;0.3523;6.3518;-18.4487;-12.8329
684;-0.4365;-0.8942;0.3361;-23.8649;-22.6536;-61.7854
685;-0.3518;-0.9657;0.3101;-18.9383;39.6907;-66.4625
686;-0.2988;-0.9465;0.3132;7.8125;16.2947;-17.2807
687;-0.2340;-0.8718;0.3102;-15.9955;11.8296;-9.8167
688;-0.1293;-0.9338;0.2872;-9.8192;22.9877;-124.3968
689;0.0164;-0.9268;0.2638;-14.0360;-15.9245;-126.8846
690;0.2492;-0.8454;0.2331;6.6465;37.1586;-136.9033
702;0.5674;-0.8174;0.2040;0.4300;0.4944;0.5452
703;0.5672;-0.8179;0.2050;0.3976;0.3014;0.0749
704;0.5692;-0.8188;0.2062;0.1045;-0.0484;0.1620
705;0.5682;-0.8187;0.2038;-0.4731;-0.5513;-0.1319
706;0.5666;-0.8182;0.2048;-0.4932;-0.4043;-0.0457
707;0.5660;-0.8185;0.2023;-0.0314;0.0190;0.0302
708;0.5687;-0.8174;0.2015;-0.2718;-0.3398;-0.1357
709;0.5674;-0.8175;0.2047;-0.6161;-0.4352;-0.2586
710;0.5677;-0.8199;0.2015;-1.4242;-1.2207;-0.5044
711;0.5694;-0.8164;0.1945;-0.4159;-0.1882;-0.3487
712;0.5694;-0.8174;0.1963;-0.1299;-0.2473;-0.0560
713;0.5682;-0.8175;0.1978;0.0770;-0.1734;0.4711
725;0.5702;-0.8159;0.1900;-0.1688;-0.3887;0.3898
726;0.5700;-0.8167;0.1893;0.0549;0.1579;-0.2693
727;0.5708;-0.8170;0.1904;-0.1375;-0.0658;-0.0037
728;0.5700;-0.8157;0.1906;-0.1520;-0.1769;0.0505
729;0.5695;-0.8156;0.1903;0.1198;0.0087;-0.0905
730;0.5707;-0.8156;0.1902;0.0456;-0.0804;-0.0411
731;0.5701;-0.8160;0.1898;-0.2619;-0.4688;0.2678
732;0.5684;-0.8165;0.1904;-0.7166;-0.9009;0.6001
733;0.5684;-0.8166;0.1881;0.0427;-0.0207;-0.1388
734;0.5676;-0.8176;0.1861;-0.3534;-0.5696;0.6169
735;0.5682;-0.8165;0.1868;-0.0459;0.0983;-0.3418
748;0.5671;-0.8172;0.1825;0.0335;-0.0475;-0.0541
749;0.5680;-0.8171;0.1824;0.0304;0.0940;-0.1374
750;0.5669;-0.8182;0.1833;-0.1047;-0.2299;0.2220
751;0.5686;-0.8176;0.1859;-0.0873;-0.1047;-0.1457
752;0.5656;-0.8195;0.1781;0.2643;-0.5117;0.5545
753;0.5695;-0.8211;0.1844;0.2923;0.2045;-0.0800
754;0.5703;-0.8232;0.1903;10.2879;-2.3529;10.1489
755;0.5557;-0.8753;0.2607;45.5378;-20.8278;40.2903
756;0.4289;-0.8912;0.3155;69.7253;21.2839;96.1734
757;0.2927;-0.8862;0.4055;96.7030;8.1321;7.4688
758;0.3868;-0.8962;0.5460;72.3373;-6.8187;-28.8755
759;0.3599;-0.7991;0.6734;96.7862;42.4533;-7.3840
773;0.2782;-0.6452;0.9505;-1.2154;-0.5169;0.5940
774;0.2783;-0.6480;0.9453;-1.2184;-0.9305;0.3185
775;0.2797;-0.6479;0.9445;-0.3108;-0.0348;0.0798
776;0.2789;-0.6488;0.9446;-1.0541;-0.6464;0.5711
777;0.2799;-0.6498;0.9437;0.0862;0.3441;-0.3075
778;0.2789;-0.6499;0.9422;-0.1077;-0.1255;0.3656
779;0.2783;-0.6519;0.9434;-0.0306;0.0182;-0.0750
780;0.2798;-0.6500;0.9424;0.1011;0.1942;-0.2388
781;0.2795;-0.6499;0.9421;0.0152;-0.1658;0.2910
782;0.2790;-0.6494;0.9461;0.4109;0.2961;-0.1136
794;0.2783;-0.6500;0.9437;-0.0315;0.2196;-0.3289
795;0.2786;-0.6507;0.9437;-0.1207;-0.0978;-0.0189
796;0.2798;-0.6519;0.9443;-0.0963;-0.0734;-0.0999
797;0.2800;-0.6511;0.9423;0.2274;0.2503;-0.1167
798;0.2784;-0.6497;0.9437;-0.0337;-0.0322;-0.0101
799;0.2778;-0.6513;0.9440;0.0213;-0.1772;0.0420
800;0.2799;-0.6503;0.9429;-0.2154;-0.1398;0.0582
801;0.2789;-0.6484;0.9437;-0.0566;-0.0330;-0.0472
802;0.2788;-0.6484;0.9439;-0.0138;0.0083;0.0476
803;0.2787;-0.6521;0.9417;-0.0711;0.0968;-0.1063
816;0.2798;-0.6520;0.9417;0.1159;0.1773;-0.2762
817;0.2789;-0.6510;0.9435;-0.0464;-0.1673;0.2551
818;0.2795;-0.6531;0.9414;-0.2250;-0.3291;0.1368
819;0.2802;-0.6521;0.9424;-0.1673;-0.2429;0.0795
820;0.2806;-0.6523;0.9404;-0.1184;0.0263;-0.1083
821;0.2808;-0.6513;0.9421;0.0404;-0.0704;0.3061
822;0.2797;-0.6528;0.9417;-0.0543;0.3121;-0.2105
823;0.2806;-0.6516;0.9419;-0.0451;-0.1910;0.2759
824;0.2795;-0.6536;0.9422;0.0541;0.0373;0.1339
825;0.2804;-0.6524;0.9433;0.0220;0.2782;-0.1539
838;0.0811;0.5919;1.0145;25.2277;-10.4047;1.9330
839;0.0410;0.6862;0.9852;-23.6467;-7.5849;-5.8289
840;0.0774;0.5255;1.2030;-55.5253;-8.0688;-1.8058
841;0.0804;0.4959;1.1406;36.1732;8.1249;-7.2098
842;0.0391;0.5761;1.0443;28.3282;4.4892;-6.8243
843;0.0342;0.6011;1.0386;6.4556;-1.3238;-1.3502
844;0.0408;0.6053;1.0410;2.0282;0.5625;-0.4373
845;0.0349;0.6081;1.0359;0.8389;1.1074;-0.0900
846;0.0396;0.6054;1.0456;1.0381;0.3045;-0.3121
847;0.0384;0.6054;1.0438;0.4770;0.1083;-0.0632
848;0.0342;0.6119;1.0374;3.2630;1.8186;-0.8930
862;0.0298;0.6226;1.0287;-0.2146;0.0654;-0.0968
863;0.0283;0.6209;1.0355;0.0152;0.2701;-0.1854
864;0.0270;0.6242;1.0280;1.2758;-0.0742;-0.0319
865;0.0285;0.6234;1.0315;-0.7699;0.0846;-0.0564
866;0.0289;0.6230;1.0277;-0.2772;0.1739;0.0001
867;0.0274;0.6205;1.0309;-4.9495;1.0017;0.9835
868;0.0270;0.6099;1.0463;-1.3797;0.4754;0.5337
869;0.0276;0.6152;1.0318;2.0617;-0.1108;-0.0800
870;0.0282;0.6149;1.0362;-2.7557;0.5141;0.5803
871;0.0228;0.6061;1.0408;-4.7818;1.1663;1.4430
883;0.0294;0.6303;1.0271;2.0663;0.3532;-0.6296
884;0.0280;0.6382;1.0182;6.2136;-0.0880;-0.9159
885;0.0276;0.6451;1.0066;0.6842;0.5306;-0.5422
886;0.0262;0.6423;1.0172;0.7184;-0.0894;0.0574
887;0.0295;0.6475;1.0079;2.7582;-0.5650;0.5101
888;0.0271;0.6453;1.0188;-0.6489;0.0022;-0.0999
889;0.0293;0.6490;1.0059;1.8243;-0.2959;-0.0289
890;0.0282;0.6462;1.0155;-1.4569;-0.0085;0.0238
891;0.0280;0.6488;1.0100;1.0503;-0.6665;0.6462
905;0.0277;0.6374;1.0213;-2.4047;0.0951;0.2974
906;0.0281;0.6402;1.0150;1.2060;0.1928;-0.1173
907;0.0258;0.6393;1.0193;-1.1904;0.3045;-0.4493
908;0.0251;0.6384;1.0187;0.7442;0.0487;-0.2147
909;0.0234;0.6420;1.0136;2.1795;0.9388;-1.2953
910;0.0208;0.6442;1.0111;0.6801;0.0554;0.0243
911;0.0238;0.6430;1.0153;-0.1329;-0.0151;0.1635
912;0.0213;0.6433;1.0148;1.3182;0.4055;-0.3147
913;0.0189;0.6441;1.0124;-0.9529;-0.0528;0.4178
914;0.0248;0.6429;1.0162;-0.6886;0.0815;0.2704
927;-0.1696;0.2359;1.1952;-86.9054;54.1258;-27.9182
928;-0.1984;0.1741;1.1661;-56.0963;54.1930;-13.7570
929;-0.2831;0.1166;1.1589;-27.5043;38.3150;3.6513
930;-0.3970;0.0168;1.1358;-22.7970;40.7251;8.9108
931;-0.4518;-0.0267;1.1658;-4.9039;22.5085;-20.9140
932;-0.5057;-0.0162;1.1712;4.6610;15.2274;5.2375
933;-0.4703;0.0120;1.1310;2.3152;-22.6391;6.1253
934;-0.4497;0.0015;1.1358;-10.0558;2.3999;2.8087
935;-0.4568;-0.0056;1.1247;-7.6217;9.4205;1.9124
936;-0.4655;-0.0158;1.1162;-0.3650;6.9477;3.5823
950;-0.5927;-0.0143;1.0427;-1.2474;-0.0925;0.3975
951;-0.5958;-0.0166;1.0385;-0.4558;-2.2612;0.2855
952;-0.5821;-0.0152;1.0515;-0.8308;-5.5474;0.2261
953;-0.5865;-0.0183;1.0463;-1.1009;3.7279;-0.3342
954;-0.5875;-0.0184;1.0457;0.1512;-1.1391;0.1742
955;-0.5857;-0.0184;1.0483;-0.1398;-1.8841;-0.0273
956;-0.5829;-0.0187;1.0481;0.1969;-2.3207;0.3214
957;-0.5771;-0.0185;1.0562;0.1327;-1.3872;0.1482
958;-0.5787;-0.0167;1.0516;0.2381;0.5762;-0.0803
959;-0.5796;-0.0159;1.0535;0.0404;0.3747;0.0536
972;-0.5823;-0.0157;1.0498;-0.0270;0.1503;0.1291
973;-0.5818;-0.0138;1.0492;0.0533;0.5411;-0.0904
974;-0.5819;-0.0148;1.0493;0.1495;-0.5780;-0.0396
975;-0.5816;-0.0158;1.0501;-0.1441;0.0946;-0.1724
976;-0.5828;-0.0156;1.0494;0.0453;-0.3849;-0.0480
977;-0.5814;-0.0153;1.0516;0.0462;0.0518;-0.0617
978;-0.5829;-0.0135;1.0522;-0.1995;-0.2221;-0.1933
979;-0.5813;-0.0148;1.0497;-0.3372;0.0995;-0.0945
980;-0.5836;-0.0174;1.0484;-0.2421;1.4556;-0.2251
981;-0.5820;-0.0154;1.0494;0.3999;-0.4665;0.1490
994;-0.5860;-0.0163;1.0434;0.2587;-1.4183;0.1230
995;-0.5842;-0.0150;1.0483;0.0068;1.3029;0.0018
996;-0.5845;-0.0150;1.0487;-0.0299;-0.5185;-0.1418
997;-0.5862;-0.0162;1.0453;-0.1673;-0.0902;-0.0953
998;-0.5852;-0.0185;1.0463;-0.0120;-0.6353;-0.0968
999;-0.5828;-0.0162;1.0493;-0.0405;-0.3444;0.1353
1000;-0.5821;-0.0160;1.0522;0.0159;-0.0386;-0.0620
1001;-0.5854;-0.0155;1.0499;-0.1291;1.0251;-0.1762
1002;-0.5857;-0.0162;1.0478;0.0839;0.7133;-0.0564
1003;-0.5849;-0.0180;1.0482;0.2075;0.3961;0.0337
1016;-0.5844;-0.0164;1.0492;-0.0551;0.2510;-0.1385
1017;-0.5868;-0.0162;1.0475;-0.0535;0.4226;-0.0388
1018;-0.5852;-0.0163;1.0487;0.2022;0.0312;0.1024
1019;-0.5855;-0.0170;1.0498;0.1365;0.4679;0.0082
1020;-0.5862;-0.0174;1.0474;-0.6614;1.2335;-0.3464
1021;-0.5897;-0.0177;1.0459;-0.4050;-0.3360;-0.2837
1022;-0.5860;-0.0180;1.0468;-0.2344;0.4008;-0.3327
1023;-0.5867;-0.0227;1.0453;0.4871;1.8777;-0.3047
1024;-0.5924;-0.0227;1.0430;0.4011;2.6477;-2.3448
1025;-0.5951;-0.0211;1.0384;0.4442;1.3067;-0.8365
1038;-0.9966;-0.0310;0.2003;0.9698;-6.2012;4.5551
1039;-0.9957;-0.0280;0.2043;-0.1154;0.8411;1.8421
1040;-0.9970;-0.0279;0.2042;0.3442;-1.7925;0.8536
1041;-0.9956;-0.0267;0.2071;0.1907;-0.3115;0.4928
1042;-0.9959;-0.0262;0.2035;-0.0642;2.4655;-0.5433
1043;-0.9968;-0.0262;0.2021;0.0767;-0.0514;0.2124
1044;-0.9967;-0.0268;0.2017;-0.0403;-0.3549;-0.1889
1045;-0.9963;-0.0260;0.1999;-0.1131;0.3355;-0.6136
1046;-0.9974;-0.0285;0.2021;-0.1506;0.1113;-1.1777
1047;-0.9961;-0.0316;0.2012;-0.0526;1.3060;-0.8800
1060;-0.9957;-0.0133;0.1993;0.1075;-3.4643;-0.0243
1061;-0.9984;-0.0144;0.2078;0.6032;-1.3154;-0.0922
1062;-0.9976;-0.0141;0.2059;0.1969;-3.4650;0.3101
1063;-0.9979;-0.0109;0.2210;0.3228;-3.2001;0.7062
1064;-0.9975;-0.0096;0.2207;-0.0192;-0.3751;0.2024
1065;-0.9984;-0.0122;0.2178;0.2457;-0.6207;0.3238
1066;-0.9953;-0.0083;0.2185;0.2529;-0.3162;1.5388
1067;-0.9951;-0.0058;0.2262;-0.0741;-2.1740;0.9387
1068;-0.9960;-0.0058;0.2219;-0.3932;2.2258;-0.4464
1082;-0.9974;-0.0115;0.2080;0.0037;0.0480;0.1513
1083;-0.9966;-0.0108;0.2061;0.0937;-0.3861;0.0238
1084;-0.9969;-0.0104;0.2053;0.0662;-0.0690;-0.1273
1085;-0.9965;-0.0104;0.2068;-0.0577;-0.0009;0.1207
1086;-0.9965;-0.0115;0.2049;0.1440;0.3793;-0.2319
1087;-0.9973;-0.0109;0.2057;0.0301;-0.0505;-0.0212
1088;-0.9976;-0.0117;0.2066;-0.0289;-0.9277;0.4383
1089;-0.9961;-0.0098;0.2095;-0.0405;-0.7459;0.2736
1090;-0.9961;-0.0097;0.2093;0.0051;0.0690;0.0330
1091;-0.9969;-0.0107;0.2085;0.0357;0.2211;-0.1664
1103;-0.9958;-0.0083;0.2213;0.0770;2.1904;-0.4083
1104;-0.9967;-0.0097;0.2138;-0.0047;0.9365;-0.4953
1105;-0.9974;-0.0093;0.2183;-0.0454;-1.3602;0.1172
1106;-0.9971;-0.0096;0.2158;-0.1283;-1.9246;0.2910
1107;-0.9968;-0.0068;0.2254;-0.1260;-1.1289;0.2009
1108;-0.9979;-0.0083;0.2198;-0.2009;0.7319;-0.3808
1109;-0.9972;-0.0094;0.2247;-0.0520;-0.2412;-0.1647
1110;-0.9957;-0.0076;0.2240;-0.0077;0.5556;-0.1312
1111;-0.9973;-0.0080;0.2182;0.0037;0.6696;-0.1922
1112;-0.9974;-0.0094;0.2191;-0.0986;0.8136;-0.2258
1113;-0.9963;-0.0092;0.2177;0.0747;0.4481;0.0704
1128;-0.5385;-0.0157;-0.6142;-0.5978;0.1617;-0.4312
1129;-0.5406;-0.0092;-0.6074;-2.1876;-2.6369;1.3559
1130;-0.5391;-0.0088;-0.6092;1.1769;1.9388;-0.9712
1131;-0.5377;-0.0120;-0.6112;-0.0161;0.4640;0.3375
1132;-0.5391;-0.0103;-0.6106;-0.1398;-0.7185;0.3269
1133;-0.5396;-0.0104;-0.6088;0.1090;-0.1974;-0.1059
1134;-0.5388;-0.0095;-0.6086;-0.2650;-0.6253;0.4322
1135;-0.5394;-0.0095;-0.6072;-0.2245;-0.8612;0.3986
1136;-0.5420;-0.0108;-0.6080;0.3648;0.2308;-0.3174
1137;-0.5417;-0.0100;-0.6094;0.0297;0.1663;0.0230
1138;-0.5420;-0.0111;-0.6074;0.1503;0.3510;-0.1504
1139;-0.5402;-0.0093;-0.6068;-0.0915;-0.0243;0.1528
1140;-0.5403;-0.0093;-0.6077;0.0465;0.0022;0.0956
1154;-0.5391;-0.0112;-0.6100;-0.1115;-0.2551;0.0200
1155;-0.5387;-0.0118;-0.6104;0.2312;0.3625;-0.2060
1156;-0.5382;-0.0104;-0.6110;-0.1326;-0.0978;0.0214
1157;-0.5392;-0.0105;-0.6122;0.0860;-0.0238;-0.0609
1158;-0.5373;-0.0112;-0.6114;0.0152;0.3067;-0.0579
1159;-0.5389;-0.0121;-0.6101;0.1205;-0.1279;-0.0197
1160;-0.5380;-0.0097;-0.6125;0.0640;-0.0574;-0.0090
1161;-0.5399;-0.0106;-0.6104;-0.2932;-0.5982;0.2330
1162;-0.5382;-0.0111;-0.6112;0.4533;0.4594;-0.2747
1175;-0.5373;-0.0134;-0.6116;0.4136;0.4664;-0.2739
1176;-0.5358;-0.0132;-0.6119;0.0234;-0.2012;-0.0930
1177;-0.5374;-0.0151;-0.6107;0.0136;-0.1726;-0.0182
1178;-0.5376;-0.0128;-0.6098;-0.1030;-0.0626;0.0238
1179;-0.5373;-0.0123;-0.6126;-0.2665;-0.3849;0.2246
1180;-0.5387;-0.0123;-0.6114;0.2511;-0.3192;-0.3296
1181;-0.5385;-0.0114;-0.6096;1.0885;-0.5566;-0.9246
1182;-0.5356;-0.0138;-0.6078;3.6177;-0.3111;-2.0962
1183;-0.5374;-0.0036;-0.6168;-3.1922;-2.1033;-2.3871
1184;-0.5495;-0.0139;-0.6060;2.2419;10.8235;0.7421
1196;-0.0745;-0.0241;-0.7655;0.0358;-0.0055;0.0128
1197;-0.0752;-0.0244;-0.7631;0.1144;0.1312;-0.0800
1198;-0.0752;-0.0264;-0.7684;0.1395;0.1388;-0.0495
1199;-0.0737;-0.0240;-0.7652;0.0848;0.1113;-0.0258
1200;-0.0744;-0.0256;-0.7679;-0.0360;0.0243;0.0276
1201;-0.0753;-0.0251;-0.7668;-0.0238;-0.0391;-0.0335
1202;-0.0755;-0.0257;-0.7653;-0.0481;0.1067;0.0101
1203;-0.0740;-0.0246;-0.7654;-0.0232;-0.0105;0.0490
1204;-0.0751;-0.0254;-0.7642;-0.0509;0.0151;0.0458
1205;-0.0742;-0.0257;-0.7661;0.0175;0.0945;0.0696
1206;-0.0750;-0.0257;-0.7658;0.0007;-0.0144;0.0131
1219;-0.0747;-0.0261;-0.7648;-0.0147;0.0556;-0.1130
1220;-0.0752;-0.0255;-0.7650;0.0844;0.0342;-0.0441
1221;-0.0740;-0.0267;-0.7657;0.0519;-0.0246;-0.0418
1222;-0.0746;-0.0262;-0.7670;0.0670;-0.0982;0.1040
1223;-0.0739;-0.0256;-0.7660;0.0371;0.0934;0.0146
1224;-0.0740;-0.0247;-0.7657;0.0833;0.0342;-0.0266
1225;-0.0749;-0.0263;-0.7666;0.0251;0.0580;-0.0403
1226;-0.0755;-0.0261;-0.7662;0.0368;0.0106;0.0230
1227;-0.0739;-0.0252;-0.7661;0.0449;0.0362;-0.0167
1228;-0.0743;-0.0255;-0.7664;-0.0359;0.1038;-0.0312
1241;-0.0838;-0.0551;-0.7378;-2.0673;13.7367;19.4978
1242;-0.0651;-0.0185;-0.7653;-0.1734;1.1831;-0.0915
1243;-0.0679;-0.0149;-0.7673;0.3098;-0.2301;-0.0073
1244;-0.0681;-0.0135;-0.7679;-0.8882;0.6861;-0.4261
1245;-0.0560;-0.0265;-0.7812;1.0041;-2.3277;-5.0110
1246;-0.0485;-0.0090;-0.8569;4.5323;31.8358;12.4024
1247;0.0619;-0.1718;-0.8590;100.4953;16.4044;44.0078
1248;0.0998;-0.4043;-0.6420;199.0764;12.6029;65.1334
1249;-0.0298;-0.4524;-0.4861;151.9816;74.0060;8.2894
1250;0.0518;-0.6613;-0.3243;54.2329;50.5938;7.4727
1251;0.0102;-0.7733;-0.2512;23.3124;10.8311;18.4704
1263;-0.0167;-0.8109;-0.3416;-0.6978;-0.4479;-0.2507
1264;-0.0135;-0.8097;-0.3441;-0.9925;-0.7134;-1.9105
1265;-0.0134;-0.8092;-0.3424;0.0755;-0.1261;0.2452
1266;-0.0129;-0.8076;-0.3456;0.1892;0.1579;0.0849
1267;-0.0135;-0.8062;-0.3424;-0.0534;-0.3734;0.0467
1268;-0.0128;-0.8082;-0.3442;0.0574;-0.5177;0.1148
1269;-0.0144;-0.8092;-0.3434;0.1442;-0.4185;0.0597
1270;-0.0164;-0.8086;-0.3429;-0.0497;-0.2291;0.2730
1271;-0.0160;-0.8092;-0.3434;-0.3451;-0.3291;0.1513
1272;-0.0178;-0.8089;-0.3453;-0.3146;-0.4169;0.2665
1285;-0.0230;-0.8022;-0.3539;-0.3772;-0.1665;-0.0487
1286;-0.0223;-0.7996;-0.3506;-0.6367;-0.0983;0.0673
1287;-0.0235;-0.8020;-0.3543;-0.0673;-0.4412;0.2702
1288;-0.0241;-0.8017;-0.3521;0.6522;-0.3116;0.3359
1289;-0.0251;-0.8027;-0.3492;0.1225;0.1965;0.3513
1290;-0.0245;-0.8021;-0.3539;0.1647;0.0527;0.0062
1291;-0.0250;-0.8027;-0.3520;0.0365;-0.1621;-0.0502
1292;-0.0239;-0.8019;-0.3517;0.0037;0.2415;-0.1929
1293;-0.0245;-0.8021;-0.3533;0.1198;-0.4291;0.2377
1294;-0.0244;-0.8025;-0.3534;-0.1847;0.0298;-0.0495
1295;-0.0248;-0.8020;-0.3537;-0.1192;-0.1160;0.1673
1308;-0.8152;-0.4329;-0.4466;-14.3537;-13.0355;-2.1639
1309;-0.7178;-0.3611;-0.3627;-6.1993;-10.1719;-27.5564
1310;-0.7053;-0.3898;-0.3424;5.9701;-10.7146;-6.2218
1311;-0.7445;-0.3861;-0.3146;2.6938;-9.5643;9.0885
1312;-0.7455;-0.3772;-0.3088;3.6902;-3.7581;1.8410
1313;-0.7465;-0.3813;-0.3003;-2.9100;-4.5047;2.3826
1314;-0.7588;-0.3697;-0.3023;-1.1146;-1.6996;2.5330
1315;-0.7546;-0.3718;-0.3019;0.0137;0.2506;-0.0472
1316;-0.7556;-0.3699;-0.3041;-0.6398;-0.1146;-0.8006
1317;-0.7534;-0.3702;-0.3001;-1.5680;-0.0215;-1.6238
1318;-0.7511;-0.3717;-0.3040;0.0448;-0.1971;-0.0846
1331;-0.7557;-0.3715;-0.2980;-0.1855;-0.3299;-0.2869
1332;-0.7549;-0.3717;-0.2990;-0.3737;-0.1246;-0.1449
1333;-0.7549;-0.3709;-0.2995;-0.3093;0.2212;0.4566
1334;-0.7560;-0.3690;-0.2998;-0.3138;0.0646;0.2910
1335;-0.7560;-0.3699;-0.3001;-0.7657;-0.1314;-0.3625
1336;-0.7552;-0.3700;-0.3004;0.0077;-0.2726;-0.1144
1337;-0.7550;-0.3698;-0.2990;-0.1757;-0.1528;-0.1480
1338;-0.7562;-0.3684;-0.3004;-0.7047;-0.0887;-0.1869
1339;-0.7541;-0.3692;-0.2989;-1.6242;0.3063;-0.4151
1340;-0.7552;-0.3672;-0.3049;-0.8627;-0.1505;0.1681
1354;-0.6459;-0.1434;-0.5529;-134.7398;78.9869;-22.1918
1355;-0.4967;0.0235;-0.6515;-210.6018;152.0845;1.4154
1356;-0.2134;0.1406;-0.6816;-85.6283;75.1732;29.7215
1357;-0.1492;0.3169;-0.6732;-12.6902;112.3741;27.4003
1358;-0.0047;0.4004;-0.7078;30.6579;86.7380;31.4375
1359;0.2253;0.3258;-0.7158;19.8449;57.1617;3.6290
1360;0.2570;0.2939;-0.6683;0.7465;18.5212;-2.8716
1361;0.2599;0.2939;-0.6659;1.1228;-3.1902;-3.2510
1362;0.2868;0.3073;-0.7043;0.7814;-3.5284;-2.4022
1363;0.2676;0.3029;-0.6860;-0.7088;0.2558;-1.9960
1364;0.2715;0.2989;-0.6815;-0.6448;-1.1375;-0.4487
1377;0.2560;0.2750;-0.7005;0.0893;-0.0253;0.1604
1378;0.2579;0.2714;-0.6956;0.0907;0.1541;0.4856
1379;0.2578;0.2751;-0.7010;0.9136;-2.4120;2.4035
1380;0.2540;0.2715;-0.7023;0.6808;0.8212;0.3542
1381;0.2562;0.2679;-0.7001;0.2167;0.3594;0.0269
1382;0.2538;0.2740;-0.7020;0.1656;-0.2485;-0.1222
1383;0.2570;0.2687;-0.6993;-0.7064;-0.1704;1.3062
1384;0.2563;0.2676;-0.6982;1.4567;-0.0769;-0.0960
1385;0.2581;0.2673;-0.6993;0.3488;0.1342;0.2307
1386;0.2558;0.2679;-0.7021;0.5541;0.4993;-0.0342
1399;0.2025;0.2340;-0.6883;7.9839;-22.2620;-8.0113
1400;0.1553;0.1869;-0.7030;35.3352;-34.0325;-15.3696
1401;0.0895;0.2360;-0.7491;20.8694;-27.9994;-10.7640
1402;0.0477;0.1366;-0.6032;96.6182;-30.3076;-7.1938
1403;0.0035;-0.0616;-0.7599;-8.0825;-5.0291;0.9925
1404;-0.0026;-0.0279;-0.7672;-0.2230;0.3556;0.0246
1405;-0.0039;-0.0271;-0.7674;-0.0222;-0.0246;-0.0105
1406;-0.0030;-0.0296;-0.7704;-0.2932;-0.2406;-0.0244
1407;-0.0029;-0.0241;-0.7664;-0.2341;-0.0665;0.0727
1408;-0.0028;-0.0283;-0.7688;0.0243;-0.0421;-0.0258
1421;-0.0027;-0.0180;-0.7693;0.3477;-0.2192;-0.3663
1422;0.0023;-0.0183;-0.7738;-1.6379;-0.5401;-0.0083
1423;-0.0073;-0.0214;-0.7636;-0.0762;-0.7824;0.4779
1424;-0.0389;-0.0190;-0.8122;-1.7306;-17.2652;8.7717
1425;-0.1238;0.0166;-0.8816;-6.6965;-32.2940;68.4625
1426;-0.1192;-0.0292;-0.7196;-45.6015;0.7705;97.5633
1427;-0.0512;0.0652;-0.6337;-26.8611;-41.0803;126.1286
1428;-0.2957;0.3037;-0.6951;-88.5893;-206.2278;118.8600
1429;-0.5729;0.3127;-0.4063;28.8793;-241.1184;-66.9831
1430;-0.7977;0.2394;-0.1797;22.3207;-206.3977;-28.7253
1442;-0.9679;0.0662;-0.0056;0.1718;1.2275;-0.1115
1443;-0.9694;0.0642;-0.0087;0.1533;-0.7810;-0.1844
1444;-0.9676;0.0643;-0.0043;0.1320;-0.4577;-0.3283
1445;-0.9665;0.0660;-0.0076;0.0633;0.1274;-0.0884
1446;-0.9682;0.0636;-0.0058;0.0091;-0.3808;-0.1338
1447;-0.9677;0.0635;-0.0050;0.1640;-1.4935;-0.3707
1448;-0.9681;0.0640;-0.0000;0.0349;-0.7893;0.0440
1449;-0.9683;0.0635;-0.0022;0.0007;0.2219;-0.1701
1450;-0.9688;0.0635;-0.0005;0.0047;-0.3926;-0.2487
1451;-0.9675;0.0623;0.0005;0.0747;-0.3841;-0.1991
1452;-0.9688;0.0624;0.0006;-0.0192;0.3747;0.0047
1453;-0.9681;0.0617;-0.0018;0.0249;-0.2072;-0.0793
1466;-0.9705;0.0590;0.0034;-0.0166;-0.0551;-0.1083
1467;-0.9698;0.0593;0.0038;-0.0077;0.2313;-0.0304
1468;-0.9699;0.0606;0.0052;0.1134;-1.4702;-0.2722
1469;-0.9692;0.0591;0.0088;0.0237;-2.1071;-0.3029
1470;-0.9714;0.0570;0.0099;0.0633;-0.3330;-0.3770
1471;-0.9716;0.0583;0.0119;0.1167;-1.1788;-0.2739
1472;-0.9733;0.0569;0.0131;0.0259;-3.0949;-1.1403
1473;-0.9742;0.0536;0.0220;0.1282;-2.6834;-1.3586
1474;-0.9739;0.0515;0.0219;0.0814;-0.1291;-0.4556
1475;-0.9747;0.0501;0.0232;0.1344;-0.2284;-0.4472
1491;-0.9869;-0.0575;0.5281;-12.6501;-104.2719;17.5864
1492;-0.8845;-0.0137;0.6880;24.0506;-131.3528;18.9834
1493;-0.7409;0.0693;0.8407;21.8375;-118.0596;37.4950
1494;-0.5984;0.1497;0.9502;14.2422;-47.6009;34.4551
1495;-0.5214;0.1915;0.9401;-6.6286;-13.7636;38.5093
1496;-0.6814;0.1452;1.0072;-29.7497;74.7274;38.4701
1497;-0.7274;0.1746;0.9805;-17.5093;-5.2841;6.0322
1509;0.6776;-0.1483;0.9855;-2.8535;-10.5322;-2.8170
1510;0.6509;-0.1600;0.9681;9.9778;-7.8843;-14.2976
1511;0.6781;-0.1433;0.9757;8.3593;-7.3414;-5.1212
1512;0.6752;-0.1097;0.9776;6.0595;-5.8036;-2.2006
1513;0.6680;-0.1096;0.9622;2.7885;-1.8101;-1.9193
1514;0.6856;-0.1195;0.9661;3.8472;-2.8291;-0.7295
1515;0.6801;-0.1013;0.9685;2.6434;-2.5292;-0.5167
1516;0.6911;-0.0893;0.9600;0.5869;-1.2881;-0.6203
1517;0.7023;-0.1010;0.9630;2.2257;-1.2101;-2.0480
1518;0.6952;-0.0857;0.9693;1.7358;-1.3726;0.6482
1519;0.6921;-0.0776;0.9603;1.4043;-0.1074;-0.5037
1532;0.6725;-0.0679;0.9730;-0.0551;0.2518;-1.5371
1533;0.6872;-0.0639;0.9694;-1.1940;0.0602;-1.7190
1534;0.6754;-0.0731;0.9624;1.0625;0.3266;-3.3295
1535;0.7003;-0.0595;0.9790;0.4343;-1.0520;-0.7169
1536;0.7112;-0.0550;0.9745;1.9159;2.3182;1.8318
1537;0.6675;-0.0558;0.9835;1.6144;1.5168;2.1620
1538;0.6771;-0.0485;0.9832;0.3343;2.2124;-0.6449
1539;0.6880;-0.0645;0.9774;-0.0589;0.3611;-0.7471
1540;0.6758;-0.0679;0.9833;1.8906;0.3464;0.5085
1541;0.6669;-0.0395;0.9855;0.1648;-0.4490;1.5498
1542;0.6837;-0.0583;0.9753;-0.6937;-0.7024;-1.5854
1557;0.6607;-0.0268;0.9876;0.3837;-0.1925;1.0536
1558;0.6520;-0.0215;0.9905;0.4251;-2.2330;0.0482
1559;0.6852;-0.0178;1.0022;-0.7891;-1.3459;0.6154
1560;0.6687;-0.0261;0.9834;-0.7115;0.2407;0.4024
1561;0.6615;-0.0312;0.9856;0.1469;-0.5856;0.7727
1562;0.6654;-0.0223;0.9886;0.4755;-0.4910;0.1992
1563;0.6797;-0.0254;0.9941;-0.4589;-0.3169;-0.2800
1564;0.6709;-0.0311;0.9875;0.0304;0.2670;1.1615
1577;0.4459;-0.7950;0.5159;-152.1700;10.2571;107.4018
1578;0.2961;-0.9185;0.3250;-112.6108;27.2431;53.6971
1579;0.2350;-0.9380;0.3338;-16.6733;18.7779;16.0078
1580;0.2599;-1.0190;0.3890;33.0182;-42.2215;4.1536
1581;-0.0013;-0.8505;0.0519;-72.1275;-68.0670;167.0287
1582;-0.1458;-1.0062;0.1065;38.0167;5.8823;-3.3388
1583;-0.1429;-0.9742;0.2554;51.1969;16.1533;-41.9312
1584;-0.0833;-0.9903;0.2861;16.2717;-0.6864;-4.2441
1585;-0.0730;-0.9804;0.3158;-20.9653;-0.0772;-3.3205
1586;-0.0677;-0.9927;0.2344;-11.3421;0.0396;-2.0770
1599;-0.0704;-0.9898;0.2538;-0.2543;-0.0838;0.0423
1600;-0.0711;-0.9894;0.2553;-0.0199;-0.0619;0.1337
1601;-0.0695;-0.9897;0.2521;0.2243;-0.0390;0.0345
1602;-0.0697;-0.9895;0.2520;-0.0245;-0.0420;-0.0365
1603;-0.0706;-0.9888;0.2539;-0.1833;-0.0303;-0.0632
1604;-0.0694;-0.9897;0.2513;-0.1047;-0.0017;0.0295
1605;-0.0720;-0.9898;0.2530;0.2037;0.0400;0.1040
1606;-0.0696;-0.9888;0.2516;0.1946;0.0166;-0.0121
1607;-0.0704;-0.9913;0.2517;0.0434;0.0045;0.0508
1608;-0.0711;-0.9894;0.2534;-0.1329;0.0035;0.0543
1620;-0.0707;-0.9892;0.2510;0.0182;-0.0286;-0.0067
1621;-0.0708;-0.9895;0.2512;0.0834;-0.0673;-0.0884
1622;-0.0710;-0.9902;0.2536;-0.0352;0.0097;0.0360
1623;-0.0712;-0.9903;0.2505;0.0846;0.0286;-0.0092
1624;-0.0712;-0.9894;0.2529;0.0831;-0.0547;-0.0136
1625;-0.0705;-0.9895;0.2521;-0.0070;0.0258;-0.0321
1626;-0.0711;-0.9898;0.2532;0.0427;-0.0406;-0.0502
1627;-0.0713;-0.9900;0.2533;-0.0741;0.0083;-0.1144
1628;-0.0705;-0.9901;0.2527;0.0176;-0.0070;-0.0426
1629;-0.0696;-0.9907;0.2543;0.0236;-0.0029;0.0199
1630;-0.0711;-0.9905;0.2525;0.0228;0.0724;-0.0472
1631;-0.0705;-0.9907;0.2527;0.0343;0.0251;-0.0357
1632;-0.0695;-0.9900;0.2526;0.0373;0.0212;-0.0831
1633;-0.0698;-0.9907;0.2523;0.0121;0.0144;-0.0742
1634;-0.0721;-0.9893;0.2539;-0.0459;-0.0513;-0.0556
1635;-0.0708;-0.9909;0.2532;-0.0451;0.0764;0.0627
1636;-0.0708;-0.9899;0.2515;0.2824;0.0676;0.0264
1637;-0.0705;-0.9898;0.2522;0.1381;-0.0422;0.0040
1650;-0.0710;-0.9901;0.2505;-0.0031;-0.0014;-0.0739
1651;-0.0707;-0.9913;0.2519;-0.0016;0.0435;0.0415
1652;-0.0702;-0.9896;0.2522;-0.0535;-0.0354;-0.0495
1653;-0.0703;-0.9901;0.2526;0.0526;-0.0490;0.0040
1654;-0.0711;-0.9894;0.2514;-0.0276;-0.0347;-0.0006
1655;-0.0708;-0.9900;0.2517;-0.0093;-0.0040;-0.0273
1656;-0.0707;-0.9896;0.2528;-0.0070;-0.0631;-0.1073
1657;-0.0703;-0.9905;0.2535;0.0587;0.0106;-0.0037
1658;-0.0705;-0.9891;0.2528;-0.0070;-0.0490;-0.0785
1659;-0.0697;-0.9890;0.2527;0.0097;-0.0779;-0.0602
1672;-0.0703;-0.9900;0.2526;0.1121;0.0199;-0.1096
1673;-0.0696;-0.9902;0.2523;0.0938;-0.0117;0.1032
1674;-0.0708;-0.9896;0.2542;-0.0245;-0.0650;-0.0121
1675;-0.0711;-0.9903;0.2537;-0.2497;0.0131;0.0727
1676;-0.0706;-0.9899;0.2523;-0.0627;0.0003;0.0391
1677;-0.0716;-0.9884;0.2524;0.1144;0.0396;0.0734
1678;-0.0709;-0.9905;0.2511;0.0923;0.0151;0.0688
1679;-0.0695;-0.9908;0.2542;-0.0497;0.0348;-0.0441
1680;-0.0702;-0.9894;0.2504;0.0121;0.0212;-0.0667
1681;-0.0696;-0.9905;0.2512;0.0556;-0.0215;0.0373
1693;-0.0708;-0.9896;0.2533;0.0854;0.0446;0.0024
1694;-0.0701;-0.9904;0.2538;0.0793;-0.0514;0.0520
1695;-0.0705;-0.9899;0.2516;0.0266;-0.0255;-0.0083
1696;-0.0710;-0.9899;0.2508;0.0617;-0.0513;-0.0205
1697;-0.0696;-0.9900;0.2505;-0.0268;0.0639;-0.1168
1698;-0.0707;-0.9903;0.2531;0.0526;0.0285;0.0004
1699;-0.0703;-0.9898;0.2517;-0.0718;-0.1027;-0.0938
1700;-0.0697;-0.9894;0.2524;-0.0856;0.0052;0.0643
1701;-0.0702;-0.9909;0.2523;0.0625;-0.0217;-0.0052
1702;-0.0706;-0.9893;0.2512;0.1320;-0.0135;-0.0930
1703;-0.0715;-0.9908;0.2521;0.1236;0.0092;-0.0678
1718;-0.0699;-0.9902;0.2532;0.2335;-0.0221;-0.0182
1719;-0.0708;-0.9892;0.2506;0.2068;-0.0391;0.0505
1720;-0.0701;-0.9902;0.2533;0.0449;0.0038;-0.0235
1721;-0.0709;-0.9898;0.2530;-0.0031;0.0109;-0.0693
1722;-0.0708;-0.9895;0.2527;-0.1825;-0.0300;-0.0765
1723;-0.0706;-0.9908;0.2505;-0.1741;-0.0208;-0.0243
1724;-0.0701;-0.9909;0.2535;0.0709;-0.0356;-0.0153
1725;-0.0694;-0.9900;0.2515;0.2220;0.0476;0.0314
1738;-0.0711;-0.9880;0.2517;0.1674;0.0274;-0.0205
1739;-0.0705;-0.9906;0.2520;0.1571;-0.0032;0.0238
1740;-0.0706;-0.9897;0.2531;0.0037;-0.0169;-0.0296
1741;-0.0704;-0.9905;0.2497;-0.1894;-0.0187;-0.0396
1742;-0.0701;-0.9908;0.2547;-0.0764;-0.0530;-0.0863
1743;-0.0702;-0.9904;0.2537;0.1602;-0.0333;0.0238
1744;-0.0702;-0.9896;0.2533;0.0709;0.0175;-0.0487
1745;-0.0712;-0.9904;0.2528;0.0526;-0.0431;-0.1220
1746;-0.0701;-0.9904;0.2531;0.0114;0.0991;0.1017
1747;-0.0700;-0.9902;0.2528;-0.1993;0.0052;-0.0128
1748;-0.0688;-0.9905;0.2529;-0.0024;0.0075;0.0003
1761;-0.0699;-0.9911;0.2516;0.1358;0.1037;0.0009
1762;-0.0696;-0.9902;0.2509;0.2129;-0.0024;0.0490
1763;-0.0698;-0.9914;0.2521;-0.0276;-0.0400;0.1162
1764;-0.0704;-0.9913;0.2528;-0.1864;-0.0024;-0.0428
1765;-0.0703;-0.9890;0.2518;-0.1306;0.0216;-0.0771
1766;-0.0706;-0.9896;0.2536;0.0549;-0.0406;-0.0293
1767;-0.0712;-0.9891;0.2511;0.2289;-0.0935;0.0117
1768;-0.0707;-0.9886;0.2523;0.2266;0.0006;-0.0454
1769;-0.0704;-0.9903;0.2523;0.0282;0.0178;-0.0403
1770;-0.0695;-0.9896;0.2513;-0.1054;-0.0018;0.0065
1783;-0.0701;-0.9898;0.2508;0.0854;-0.0465;0.0406
1784;-0.0711;-0.9909;0.2499;0.0808;0.0368;-0.0823
1785;-0.0695;-0.9904;0.2536;0.0449;-0.0162;-0.0167
1786;-0.0711;-0.9901;0.2520;-0.0352;0.0586;-0.0396
1787;-0.0691;-0.9906;0.2524;-0.0184;0.0163;0.0009
1788;-0.0702;-0.9882;0.2527;-0.0627;0.0187;0.1047
1789;-0.0701;-0.9908;0.2516;0.0129;0.0012;-0.0502
1790;-0.0717;-0.9919;0.2525;0.1213;0.0405;-0.0831
1791;-0.0675;-0.9871;0.2549;0.3755;-0.0696;-0.1626
1792;-0.0690;-0.9894;0.2504;-0.4283;-0.0201;0.2452
1804;-0.0707;-0.9894;0.2523;0.2449;-0.0464;-0.0386
1805;-0.0713;-0.9904;0.2520;-0.2558;-0.0940;-0.0058
1806;-0.0708;-0.9902;0.2520;-0.2268;-0.0261;-0.0164
1807;-0.0708;-0.9905;0.2525;-0.0245;0.0877;0.0658
1808;-0.0701;-0.9892;0.2516;0.3190;0.0006;0.0033
1809;-0.0708;-0.9907;0.2527;0.2274;0.0339;0.0589
1810;-0.0698;-0.9902;0.2506;-0.1138;0.0794;-0.0823
1811;-0.0702;-0.9900;0.2496;-0.1505;0.0123;-0.1089
1812;-0.0689;-0.9881;0.2531;-0.1871;-0.0322;0.0096
1813;-0.0703;-0.9907;0.2535;0.6358;-0.0066;-0.0875
1814;-0.0711;-0.9894;0.2510;0.0801;0.0340;-0.0365
1827;-0.1464;-1.0820;0.0061;-153.9367;-13.9276;10.9683
1828;-0.0731;-0.8201;-0.2489;-201.5024;71.4580;-12.7693
1829;-0.0556;-0.6086;-0.0233;-100.7207;-68.5456;15.5727
1830;-0.1046;-0.6948;-0.6860;-144.8370;-10.9961;56.7498
1831;-0.2132;-0.1896;-0.7405;-124.1634;-36.8559;30.6093
1832;-0.3036;-0.0872;-0.7417;-63.5031;-38.4284;-9.4411
1833;-0.3246;-0.0525;-0.7152;-37.6954;-18.1765;-10.7815
1834;-0.3468;-0.0182;-0.7016;0.0915;-0.1162;0.2841
1835;-0.3471;-0.0205;-0.7069;0.0633;-0.0261;0.0276
1836;-0.3476;-0.0224;-0.7081;-0.0085;0.0228;-0.0075
1848;-0.3467;-0.0198;-0.7059;-0.0108;-0.0276;0.0055
1849;-0.3472;-0.0189;-0.7057;-0.1100;-0.0151;0.0986
1850;-0.3463;-0.0194;-0.7074;0.0011;-0.0621;-0.0304
1851;-0.3477;-0.0196;-0.7075;-0.0520;0.0205;-0.0144
1852;-0.3465;-0.0197;-0.7064;0.0236;0.0701;0.0040
1853;-0.3471;-0.0194;-0.7062;-0.0192;0.0196;-0.0281
1854;-0.3466;-0.0201;-0.7069;-0.0062;0.0453;-0.0174
1855;-0.3484;-0.0200;-0.7083;0.0182;-0.0425;-0.0411
1856;-0.3458;-0.0190;-0.7069;-0.0361;-0.0772;-0.0243
1857;-0.3484;-0.0198;-0.7067;-0.0864;0.0663;0.0337
1858;-0.3462;-0.0200;-0.7062;-0.0352;0.0274;0.0230
1871;-0.3462;-0.0185;-0.7066;0.0167;-0.0073;-0.0938
1872;-0.3460;-0.0192;-0.7057;0.0030;-0.0274;0.0177
1873;-0.3476;-0.0184;-0.7069;0.0053;0.0240;-0.0617
1874;-0.3479;-0.0194;-0.7041;-0.0154;-0.0523;-0.0831
1875;-0.3469;-0.0201;-0.7063;-0.0113;-0.0603;-0.0670
1876;-0.3477;-0.0196;-0.7058;0.0217;-0.0051;-0.0224
1877;-0.3475;-0.0195;-0.7065;0.0069;-0.0185;0.0303
1878;-0.3469;-0.0183;-0.7059;0.0254;-0.0031;-0.0228
1879;-0.3476;-0.0185;-0.7057;-0.1133;0.0223;-0.0388
1880;-0.3465;-0.0197;-0.7070;0.0358;0.0265;-0.0098
1892;-0.3472;-0.0188;-0.7070;0.0022;0.0205;-0.0205
1893;-0.3477;-0.0189;-0.7067;-0.0273;0.0342;0.0446
1894;-0.3461;-0.0178;-0.7072;0.0495;0.0212;-0.0292
1895;-0.3481;-0.0188;-0.7071;-0.0199;0.0678;-0.0098
1896;-0.3457;-0.0180;-0.7076;-0.0375;0.0289;-0.0128
1897;-0.3464;-0.0193;-0.7068;0.0649;0.0777;-0.1327
1898;-0.3475;-0.0190;-0.7046;-0.0390;-0.0643;-0.0976
1899;-0.3462;-0.0177;-0.7074;-0.0940;0.0564;0.0200
1900;-0.3457;-0.0187;-0.7076;0.0411;0.0209;-0.0222
1901;-0.3469;-0.0182;-0.7058;0.0511;0.0133;-0.0693
1902;-0.3460;-0.0185;-0.7071;-0.0121;0.0624;-0.0189
1914;-0.3462;-0.0185;-0.7074;0.0233;-0.0307;0.0314
1915;-0.3457;-0.0187;-0.7060;0.0869;0.0499;-0.0251
1916;-0.3468;-0.0186;-0.7073;0.0495;0.0948;0.0154
1917;-0.3467;-0.0169;-0.7086;0.0952;0.0044;-0.0098
1918;-0.3463;-0.0190;-0.7080;-0.0120;0.0028;-0.0289
1919;-0.3461;-0.0171;-0.7065;0.0037;0.0172;0.0616
1920;-0.3462;-0.0185;-0.7073;-0.0247;0.0441;0.0062
1921;-0.3463;-0.0184;-0.7064;-0.0039;0.0265;-0.0138
1922;-0.3473;-0.0190;-0.7062;-0.0245;0.0227;0.0328
1923;-0.3468;-0.0190;-0.7067;0.0189;0.1195;-0.0535
1937;-0.3450;-0.0186;-0.7082;-0.0696;0.0663;-0.0762
1938;-0.3470;-0.0195;-0.7044;0.0778;0.0785;-0.0144
1939;-0.3454;-0.0193;-0.7074;-0.0016;0.0235;-0.0403
1940;-0.3464;-0.0186;-0.7077;-0.0917;0.0208;-0.0083
1941;-0.3477;-0.0187;-0.7046;-0.0269;0.0952;-0.0533
1942;-0.3474;-0.0179;-0.7051;-0.0121;0.0230;-0.0357
1943;-0.3472;-0.0186;-0.7066;-0.0307;-0.0270;-0.0449
1944;-0.3469;-0.0180;-0.7064;-0.0089;-0.0181;-0.0441
1945;-0.3459;-0.0191;-0.7069;-0.0598;0.0271;-0.0724
1946;-0.3448;-0.0183;-0.7062;0.1101;-0.0018;-0.0492
1958;-0.3466;-0.0194;-0.7074;-0.0703;-0.0398;0.0017
1959;-0.3458;-0.0188;-0.7074;-0.0113;0.0380;0.0009
1960;-0.3460;-0.0201;-0.7062;-0.0031;-0.0406;0.0452
1961;-0.3469;-0.0180;-0.7059;-0.0501;-0.0372;-0.0533
1962;-0.3481;-0.0187;-0.7058;0.0561;-0.0211;-0.0625
1963;-0.3462;-0.0187;-0.7063;0.0307;0.0084;-0.0167
1964;-0.3470;-0.0186;-0.7065;0.0793;-0.0296;0.0327
1965;-0.3472;-0.0181;-0.7039;-0.0253;0.0464;-0.0312
1966;-0.3461;-0.0189;-0.7074;-0.0787;0.0032;-0.0518
1967;-0.3467;-0.0176;-0.7070;0.0587;0.0385;0.0621
1981;-0.3462;-0.0197;-0.7066;0.0526;-0.0081;-0.0318
1982;-0.3468;-0.0189;-0.7058;0.0358;0.0099;-0.0402
1983;-0.3459;-0.0183;-0.7070;0.0075;0.0136;-0.0360
1984;-0.3475;-0.0177;-0.7064;-0.0399;0.0698;-0.0189
1985;-0.3468;-0.0186;-0.7064;0.0387;-0.0101;0.0704
1986;-0.3468;-0.0185;-0.7059;-0.0219;-0.0314;-0.0128
1987;-0.3468;-0.0185;-0.7053;0.0396;-0.0482;0.0223
1988;-0.3471;-0.0185;-0.7060;-0.0471;0.0037;-0.0808
1989;-0.3458;-0.0179;-0.7073;-0.0094;0.0008;-0.0999
1990;-0.3467;-0.0187;-0.7049;-0.0726;-0.0024;-0.0478
2003;-0.3466;-0.0184;-0.7057;0.0221;0.0438;-0.0217
2004;-0.3463;-0.0178;-0.7081;-0.0294;0.0060;0.0085
2005;-0.3456;-0.0178;-0.7076;0.0737;-0.0467;0.1656
2006;-0.3462;-0.0198;-0.7063;-0.0159;0.0459;0.0359
2007;-0.3458;-0.0189;-0.7079;-0.0596;0.0071;0.0734
2008;-0.3462;-0.0186;-0.7090;-0.0711;0.0655;-0.0273
2009;-0.3469;-0.0190;-0.7094;0.0449;0.0545;0.0078
2010;-0.3463;-0.0182;-0.7069;-0.0413;-0.0140;0.0238
2011;-0.3459;-0.0181;-0.7075;0.0014;0.0018;0.0887
2012;-0.3462;-0.0187;-0.7069;0.0152;0.0578;0.0650
2025;-0.3465;-0.0194;-0.7071;-0.0337;0.0648;-0.0009
2026;-0.3452;-0.0186;-0.7071;0.0205;0.0204;0.0230
2027;-0.3468;-0.0191;-0.7073;-0.0351;0.0040;-0.0449
2028;-0.3460;-0.0183;-0.7065;0.0678;-0.0169;0.0269
2029;-0.3453;-0.0173;-0.7083;-0.0482;0.0029;-0.0365
2030;-0.3464;-0.0183;-0.7085;-0.0115;-0.0268;-0.0052
2031;-0.3463;-0.0190;-0.7073;0.0027;-0.0047;-0.0877
2032;-0.3469;-0.0187;-0.7063;-0.0390;-0.0291;0.0337
2033;-0.3457;-0.0181;-0.7051;0.0252;0.0190;0.0604
2034;-0.3459;-0.0185;-0.7061;-0.1101;-0.0168;0.0597
2046;-0.3477;-0.0182;-0.7052;-0.0581;-0.0285;0.0291
2047;-0.3457;-0.0180;-0.7088;0.0114;0.0480;0.0299
2048;-0.3456;-0.0187;-0.7063;-0.0329;0.0602;-0.0131
2049;-0.3452;-0.0186;-0.7073;0.0549;0.0113;-0.0220
2050;-0.3462;-0.0184;-0.7058;0.0014;-0.0313;-0.0258
2051;-0.3466;-0.0186;-0.7068;-0.0558;-0.0001;-0.0625
2052;-0.3460;-0.0175;-0.7066;-0.1027;0.0527;-0.0518
2053;-0.3452;-0.0195;-0.7065;-0.0520;-0.0342;-0.0533
2054;-0.3474;-0.0173;-0.7049;-0.0176;-0.0275;-0.0136
2055;-0.3464;-0.0187;-0.7060;-0.0253;-0.0459;-0.0029
2056;-0.3471;-0.0183;-0.7071;-0.0174;0.0177;0.0078
2068;-0.3455;-0.0189;-0.7060;0.0526;0.1014;-0.0930
2069;-0.3454;-0.0177;-0.7060;0.0703;0.0511;-0.0014
2070;-0.3464;-0.0189;-0.7086;0.0139;-0.0076;-0.0951
2071;-0.3463;-0.0180;-0.7059;0.0136;-0.0684;-0.0360
2072;-0.3469;-0.0184;-0.7074;0.1251;0.0308;-0.0764
2073;-0.3468;-0.0181;-0.7058;0.0102;0.0479;-0.0495
2074;-0.3471;-0.0179;-0.7073;0.0036;-0.0082;-0.0672
2075;-0.3458;-0.0192;-0.7061;-0.0027;-0.0891;-0.0334
2076;-0.3468;-0.0186;-0.7061;-0.1069;-0.0102;-0.0729
2077;-0.3460;-0.0177;-0.7052;0.0198;0.0205;-0.0762
2078;-0.3459;-0.0186;-0.7071;-0.0338;0.0640;0.0192
2091;-0.3457;-0.0192;-0.7076;-0.0207;0.0594;-0.1289
2092;-0.3448;-0.0187;-0.7076;0.0831;-0.0443;-0.0615
2093;-0.3464;-0.0184;-0.7057;0.0057;-0.0271;0.0642
2094;-0.3467;-0.0174;-0.7059;-0.0387;-0.0174;0.0253
2095;-0.3457;-0.0184;-0.7050;0.0376;-0.0044;-0.0968
2096;-0.3464;-0.0193;-0.7056;0.0452;0.1032;0.0795
2097;-0.3465;-0.0192;-0.7054;-0.0464;0.0296;-0.0518
2098;-0.3469;-0.0180;-0.7063;0.0045;0.0641;-0.0359
2099;-0.3472;-0.0182;-0.7056;-0.0558;0.0386;0.0192
2100;-0.3469;-0.0185;-0.7063;-0.0306;-0.0199;-0.0533
2113;-0.3472;-0.0179;-0.7065;0.0456;0.0854;0.0047
2114;-0.3477;-0.0185;-0.7063;0.0039;0.0331;-0.0655
2115;-0.3468;-0.0173;-0.7086;-0.0017;0.0580;0.0253
2116;-0.3470;-0.0180;-0.7061;-0.0066;0.0706;0.0207
2117;-0.3456;-0.0181;-0.7059;-0.0179;-0.0564;0.0169
2118;-0.3459;-0.0174;-0.7070;-0.0376;-0.0131;-0.0441
2119;-0.3475;-0.0172;-0.7067;0.0827;-0.0684;0.0269
2120;-0.3465;-0.0184;-0.7074;0.0626;-0.0844;-0.0073
2121;-0.3469;-0.0183;-0.7059;-0.0141;-0.0057;-0.0930
2122;-0.3451;-0.0172;-0.7089;-0.0172;0.0405;-0.0776
2135;-0.3459;-0.0178;-0.7075;0.0404;0.0603;0.0833
2136;-0.3468;-0.0184;-0.7069;0.0259;-0.0108;0.0907
2137;-0.3462;-0.0184;-0.7082;0.0446;0.0284;-0.0396
2138;-0.3466;-0.0183;-0.7067;0.0167;-0.0200;0.0745
2139;-0.3463;-0.0178;-0.7066;-0.0322;-0.0024;-0.0861
2140;-0.3466;-0.0189;-0.7069;0.0617;0.0648;-0.0677
2141;-0.3463;-0.0187;-0.7073;0.0633;0.0182;-0.0380
2142;-0.3474;-0.0177;-0.7057;-0.0047;0.0033;-0.0044
2143;-0.3474;-0.0185;-0.7057;-0.0338;0.0266;0.0062
2144;-0.3461;-0.0182;-0.7064;0.0304;-0.0963;0.0146
2157;-0.3449;-0.0180;-0.7080;0.0457;0.0370;-0.0632
2158;-0.3470;-0.0183;-0.7069;-0.0039;0.0108;-0.0831
2159;-0.3466;-0.0190;-0.7075;0.0520;0.0702;-0.0254
2160;-0.3450;-0.0186;-0.7068;-0.0448;-0.0223;-0.0541
2161;-0.3461;-0.0191;-0.7058;0.0167;0.0892;0.0119
2162;-0.3454;-0.0169;-0.7078;0.0385;-0.0688;-0.0386
2163;-0.3471;-0.0184;-0.7076;0.0193;0.0141;0.0001
2164;-0.3458;-0.0186;-0.7041;0.1007;0.0479;0.0001
2165;-0.3464;-0.0174;-0.7065;-0.0134;0.0638;0.0230
2166;-0.3467;-0.0182;-0.7066;-0.0016;-0.0661;0.0261
2167;-0.3473;-0.0185;-0.7074;-0.0390;-0.0061;-0.0525
2180;-0.3464;-0.0191;-0.7060;0.0495;-0.0170;-0.0217
2181;-0.3470;-0.0187;-0.7056;-0.0848;-0.0751;-0.0930
2182;-0.3464;-0.0181;-0.7083;-0.0138;0.0002;-0.0005
2183;-0.3469;-0.0171;-0.7078;0.0144;0.0678;-0.0342
2184;-0.3469;-0.0177;-0.7059;-0.0596;0.0728;-0.0999
2185;-0.3470;-0.0186;-0.7055;-0.0367;-0.0177;-0.0247
2186;-0.3472;-0.0167;-0.7060;-0.0467;-0.0123;-0.0457
2187;-0.3466;-0.0182;-0.7061;-0.0054;0.0403;-0.0266
2188;-0.3465;-0.0190;-0.7090;0.0068;-0.0704;0.0192
2189;-0.3463;-0.0188;-0.7059;-0.0153;0.0334;0.0551
2201;-0.3464;-0.0187;-0.7073;0.0060;-0.0591;0.1734
2202;-0.3477;-0.0174;-0.7055;0.0205;0.0314;-0.0625
2203;-0.3471;-0.0178;-0.7052;-0.0673;0.0411;-0.0251
2204;-0.3451;-0.0197;-0.7063;0.0022;0.0822;0.0391
2205;-0.3455;-0.0183;-0.7063;0.0465;0.0095;0.0230
2206;-0.3466;-0.0172;-0.7071;-0.0495;0.0098;-0.0159
2207;-0.3457;-0.0173;-0.7066;0.0121;-0.0055;-0.0632
2208;-0.3479;-0.0175;-0.7076;0.0854;0.0457;0.1047
2209;-0.3461;-0.0171;-0.7066;-0.0520;0.0396;-0.0241
2210;-0.3477;-0.0185;-0.7050;0.0236;0.0602;-0.0468
2223;-0.3474;-0.0180;-0.7067;0.0625;-0.0475;-0.0121
2224;-0.3472;-0.0191;-0.7079;0.1045;0.0689;-0.0762
2225;-0.3459;-0.0181;-0.7062;-0.0124;0.0074;0.1093
2226;-0.3458;-0.0195;-0.7090;-0.0019;-0.0535;0.0322
2227;-0.3459;-0.0188;-0.7074;-0.0749;-0.0572;-0.0177
2228;-0.3467;-0.0188;-0.7073;0.1068;-0.0467;-0.0327
2229;-0.3448;-0.0187;-0.7052;-0.1450;-0.0643;0.0658
2230;-0.3459;-0.0181;-0.7073;0.0549;-0.0285;0.0643
2231;-0.3451;-0.0193;-0.7065;-0.0222;-0.0029;0.0520
2232;-0.3465;-0.0178;-0.7054;0.0549;0.0309;0.0400
2245;-0.3468;-0.0179;-0.7058;-0.0367;-0.0144;-0.0655
2246;-0.3467;-0.0191;-0.7055;-0.0375;0.0256;0.0223
2247;-0.3473;-0.0191;-0.7061;-0.0168;-0.0093;0.0722
2248;-0.3472;-0.0175;-0.7049;-0.0256;-0.0681;-0.0090
2249;-0.3467;-0.0180;-0.7066;0.0930;0.0693;0.0630
2250;-0.3461;-0.0188;-0.7077;0.0228;-0.0151;-0.0090
2251;-0.3469;-0.0184;-0.7071;0.0984;-0.0495;0.0327
2252;-0.3458;-0.0183;-0.7073;0.0213;-0.0183;0.0881
2253;-0.3457;-0.0179;-0.7083;-0.0151;0.0922;0.0226
2266;-0.3459;-0.0191;-0.7067;-0.0047;0.0387;-0.0306
2267;-0.3457;-0.0187;-0.7060;-0.0380;0.0778;0.0307
2268;-0.3459;-0.0187;-0.7076;0.0501;-0.0463;-0.0128
2269;-0.3462;-0.0185;-0.7074;0.0236;0.0132;0.0589
2270;-0.3464;-0.0181;-0.7067;-0.0161;-0.0405;-0.0342
2271;-0.3464;-0.0177;-0.7045;0.0442;-0.0465;0.0261
2272;-0.3464;-0.0176;-0.7066;0.0541;-0.0068;0.0461
2273;-0.3467;-0.0185;-0.7078;0.0436;0.0138;0.0644
2274;-0.3474;-0.0193;-0.7081;0.0198;0.0578;-0.0548
2275;-0.3464;-0.0180;-0.7084;0.0640;0.1005;-0.0359
2276;-0.3474;-0.0182;-0.7076;0.0266;-0.0007;-0.0506
2288;-0.3451;-0.0182;-0.7073;0.0152;0.0995;0.1208
2289;-0.3456;-0.0176;-0.7054;0.0297;-0.0080;0.0719
2290;-0.3470;-0.0195;-0.7087;-0.0222;-0.0181;-0.0220
2291;-0.3463;-0.0182;-0.7083;0.0393;-0.0657;-0.0426
2292;-0.3465;-0.0175;-0.7059;0.0570;-0.0117;-0.0167
2293;-0.3458;-0.0179;-0.7080;0.0382;-0.0178;-0.0144
2294;-0.3463;-0.0203;-0.7074;0.0220;-0.1034;-0.0210
2295;-0.3456;-0.0187;-0.7066;-0.0062;-0.0465;0.0070
2296;-0.3465;-0.0167;-0.7079;-0.0688;-0.0306;0.0026
2297;-0.3464;-0.0180;-0.7046;0.0167;0.0682;0.0864
2311;-0.3450;-0.0177;-0.7038;-0.0266;-0.0265;-0.0263
2312;-0.3457;-0.0178;-0.7079;0.1557;-0.0139;-0.0754
2313;-0.3460;-0.0174;-0.7069;0.0237;-0.0207;-0.0438
2314;-0.3465;-0.0188;-0.7076;0.0570;0.0732;-0.1280
2315;-0.3462;-0.0186;-0.7050;0.0307;-0.0337;-0.0640
2316;-0.3458;-0.0183;-0.7058;0.0083;0.0111;0.0185
2317;-0.3467;-0.0175;-0.7069;0.0532;-0.0794;-0.0266
2318;-0.3467;-0.0186;-0.7068;0.0092;-0.0228;0.0131
2319;-0.3465;-0.0181;-0.7079;-0.0112;-0.0149;0.0368
2332;-0.3444;-0.0192;-0.7074;-0.0870;-0.0421;0.0223
2333;-0.3452;-0.0191;-0.7074;-0.0390;-0.1276;-0.0556
2334;-0.3451;-0.0185;-0.7087;-0.0207;-0.0001;0.0742
2335;-0.3464;-0.0183;-0.7079;-0.0029;-0.0407;-0.0037
2336;-0.3451;-0.0194;-0.7076;-0.0516;0.0060;-0.0201
2337;-0.3453;-0.0187;-0.7061;-0.1043;-0.0704;-0.1174
2338;-0.3456;-0.0179;-0.7075;-0.0604;-0.0864;0.0694
2339;-0.3461;-0.0194;-0.7064;-0.1161;-0.0688;0.0600
2340;-0.3455;-0.0176;-0.7063;-0.0336;-0.0204;0.0696
2341;-0.3455;-0.0178;-0.7060;0.0497;-0.0223;-0.0159
2354;-0.3458;-0.0187;-0.7065;-0.0749;0.0325;0.0207
2355;-0.3464;-0.0168;-0.7062;0.0801;0.0878;0.0116
2356;-0.3454;-0.0181;-0.7061;0.0562;0.0319;-0.1541
2357;-0.3451;-0.0178;-0.7079;-0.0688;0.0178;-0.0457
2358;-0.3461;-0.0178;-0.7074;0.0312;0.0557;-0.1029
2359;-0.3450;-0.0185;-0.7048;0.0411;-0.0088;0.0589
2360;-0.3452;-0.0186;-0.7078;0.0312;0.0972;-0.0189
2361;-0.3461;-0.0179;-0.7080;-0.0528;-0.0705;-0.0289
2362;-0.3458;-0.0171;-0.7069;0.0085;-0.0581;0.0122
2363;-0.3458;-0.0174;-0.7080;-0.0106;-0.0398;0.0017
2376;-0.3443;-0.0174;-0.7084;-0.0390;0.0258;-0.1136
2377;-0.3458;-0.0180;-0.7058;-0.0648;-0.1345;0.0612
2378;-0.3460;-0.0159;-0.7063;-0.0541;-0.1001;-0.0189
2379;-0.3455;-0.0173;-0.7077;0.0404;0.0564;0.0612
2380;-0.3450;-0.0183;-0.7079;0.0014;0.1043;0.0353
2381;-0.3452;-0.0187;-0.7073;0.0396;0.0955;0.1124
2382;-0.3461;-0.0167;-0.7068;-0.0436;0.0060;-0.0418
2383;-0.3456;-0.0188;-0.7061;0.0434;-0.0337;-0.0693
2384;-0.3439;-0.0177;-0.7051;-0.0108;0.0112;-0.0317
2385;-0.3461;-0.0170;-0.7088;0.0212;-0.0236;-0.0459
2397;-0.3468;-0.0181;-0.7065;0.0180;0.0373;-0.0899
2398;-0.3462;-0.0177;-0.7073;-0.0255;0.0452;0.0627
2399;-0.3451;-0.0175;-0.7075;0.0121;0.0530;0.0803
2400;-0.3463;-0.0158;-0.7069;-0.0383;0.0548;-0.0663
2401;-0.3456;-0.0174;-0.7078;0.0218;0.0203;-0.0965
2402;-0.3454;-0.0174;-0.7070;-0.0510;0.0602;-0.0731
2403;-0.3444;-0.0181;-0.7082;0.0381;0.0289;-0.0815
2404;-0.3447;-0.0187;-0.7080;0.0213;0.0670;0.0482
2405;-0.3460;-0.0185;-0.7068;0.0168;0.0128;-0.0515
2406;-0.3455;-0.0178;-0.7062;-0.0057;0.0067;0.0597
2407;-0.3466;-0.0184;-0.7057;-0.0182;-0.0139;-0.0266
2419;-0.3440;-0.0183;-0.7080;-0.0126;-0.0650;-0.0101
2420;-0.3449;-0.0180;-0.7084;-0.0596;-0.0757;0.0211
2421;-0.3452;-0.0176;-0.7073;0.0332;-0.0917;-0.0167
2422;-0.3453;-0.0198;-0.7088;-0.0259;-0.0314;-0.0067
2423;-0.3429;-0.0185;-0.7080;0.0114;0.0441;-0.0586
2424;-0.3453;-0.0185;-0.7090;0.0075;-0.0406;-0.0109
2425;-0.3451;-0.0182;-0.7067;-0.0590;-0.0260;-0.0841
2426;-0.3445;-0.0177;-0.7069;0.0144;0.0483;-0.0481
2427;-0.3445;-0.0191;-0.7079;0.0129;0.0701;-0.1127
2428;-0.3455;-0.0179;-0.7076;0.0808;0.1235;-0.0388
2441;-0.3449;-0.0188;-0.7057;0.0227;-0.0406;-0.0244
2442;-0.3441;-0.0173;-0.7075;-0.0864;0.0785;-0.0342
2443;-0.3441;-0.0184;-0.7078;-0.0932;0.0335;0.0909
2444;-0.3456;-0.0173;-0.7064;0.0801;-0.0559;0.0012
2445;-0.3448;-0.0190;-0.7053;0.0086;-0.0009;-0.0388
2446;-0.3449;-0.0173;-0.7085;0.0564;0.0615;0.0490
2447;-0.3453;-0.0175;-0.7067;0.1072;0.0434;0.0597
2448;-0.3435;-0.0183;-0.7070;0.1129;0.2335;-0.0357
2449;-0.3453;-0.0185;-0.7073;0.0495;0.0800;-0.0130
2450;-0.3438;-0.0199;-0.7096;0.0564;0.0663;-0.0559
2451;-0.3448;-0.0187;-0.7069;0.1527;0.0525;0.0398
2464;-0.3443;-0.0180;-0.7067;-0.0312;0.0783;-0.0189
2465;-0.3456;-0.0187;-0.7072;-0.0680;-0.0559;-0.0373
2466;-0.3439;-0.0178;-0.7076;-0.0126;-0.0360;-0.0022
2467;-0.3458;-0.0181;-0.7052;0.0037;-0.0241;-0.0189
2468;-0.3463;-0.0193;-0.7054;0.0648;0.0346;-0.0411
2469;-0.3455;-0.0183;-0.7065;-0.0016;-0.0162;0.0085
2470;-0.3453;-0.0167;-0.7066;0.0343;-0.0314;-0.0357
2471;-0.3451;-0.0176;-0.7069;-0.1344;-0.0024;0.0398
2472;-0.3462;-0.0187;-0.7078;-0.0497;-0.0218;-0.1273
2473;-0.3450;-0.0171;-0.7073;-0.0093;0.0716;0.0073
2488;-0.3445;-0.0174;-0.7069;0.0411;0.0510;-0.0296
2489;-0.3446;-0.0177;-0.7060;0.0080;-0.0371;-0.0357
2490;-0.3445;-0.0183;-0.7080;0.0427;-0.1168;0.1163
2491;-0.3454;-0.0184;-0.7069;-0.0586;0.0127;-0.0464
2492;-0.3461;-0.0161;-0.7069;0.0075;-0.0414;-0.0739
2493;-0.3452;-0.0185;-0.7068;-0.0475;0.0330;-0.0626
2494;-0.3459;-0.0173;-0.7076;0.0146;0.0777;-0.0105
2495;-0.3458;-0.0173;-0.7067;-0.0196;0.0199;0.0658
2496;-0.3458;-0.0191;-0.7051;-0.0677;0.0235;-0.0157
2509;-0.3451;-0.0171;-0.7069;0.0663;0.1036;0.0742
2510;-0.3453;-0.0171;-0.7076;0.0831;-0.0510;0.0743
2511;-0.3453;-0.0176;-0.7053;-0.0772;-0.0299;0.0749
2512;-0.3455;-0.0175;-0.7078;0.0629;-0.0024;0.0498
2513;-0.3455;-0.0180;-0.7049;0.0417;-0.0320;-0.0496
2514;-0.3451;-0.0179;-0.7068;0.0231;-0.0475;-0.0205
2515;-0.3453;-0.0179;-0.7085;-0.0647;-0.1307;0.0841
2516;-0.3443;-0.0177;-0.7055;-0.0417;0.0663;0.0307
2517;-0.3450;-0.0180;-0.7081;-0.1343;-0.0314;0.0681
2518;-0.3461;-0.0185;-0.7066;0.0181;-0.0274;0.1146
2519;-0.3450;-0.0177;-0.7066;-0.0199;0.0739;0.0452
2532;-0.3459;-0.0174;-0.7060;0.0320;-0.0116;-0.0869
2533;-0.3444;-0.0182;-0.7061;-0.0573;-0.1030;0.0198
2534;-0.3445;-0.0179;-0.7096;0.0888;0.0029;0.0800
2535;-0.3458;-0.0181;-0.7092;-0.0204;0.0102;0.0040
2536;-0.3448;-0.0176;-0.7082;-0.0041;0.0597;-0.0418
2537;-0.3452;-0.0183;-0.7068;-0.0062;0.0586;-0.0235
2538;-0.3452;-0.0177;-0.7074;0.0013;-0.0978;0.0513
2539;-0.3448;-0.0174;-0.7082;-0.0741;-0.0574;0.0612
2540;-0.3453;-0.0181;-0.7058;-0.0375;-0.0154;0.0444
2541;-0.3448;-0.0177;-0.7077;-0.0115;-0.0711;-0.0457
2553;-0.3450;-0.0196;-0.7085;0.0343;0.0351;0.0908
2554;-0.3461;-0.0180;-0.7072;-0.0041;-0.0625;-0.0258
2555;-0.3448;-0.0179;-0.7071;0.0961;0.0037;0.0704
2556;-0.3445;-0.0184;-0.7080;-0.0879;0.0358;-0.0467
2557;-0.3449;-0.0177;-0.7073;-0.0105;-0.0307;-0.0997
2558;-0.3459;-0.0186;-0.7067;0.1434;0.0970;0.1040
2559;-0.3447;-0.0175;-0.7079;-0.0207;0.0681;-0.0426
2560;-0.3458;-0.0192;-0.7062;0.0146;-0.0148;-0.0228
2561;-0.3459;-0.0177;-0.7087;0.0775;-0.0299;0.0549
2562;-0.3447;-0.0181;-0.7094;0.0518;0.0380;-0.0327
2563;-0.3452;-0.0181;-0.7080;0.0011;0.0235;-0.0237
2564;-0.3469;-0.0177;-0.7061;0.0368;-0.0751;-0.0342
2565;-0.3454;-0.0188;-0.7079;-0.0099;-0.0668;0.0910
2566;-0.3469;-0.0192;-0.7072;-0.0546;-0.0123;0.0795
2567;-0.3458;-0.0180;-0.7066;-0.0147;0.0615;0.0765
2568;-0.3469;-0.0177;-0.7073;-0.0215;-0.0154;-0.0571
2569;-0.3448;-0.0173;-0.7077;0.0213;0.0037;-0.0174
2570;-0.3445;-0.0188;-0.7074;-0.0253;0.0205;0.0330
2571;-0.3459;-0.0180;-0.7074;0.0732;-0.0650;0.0246
2572;-0.3463;-0.0178;-0.7087;-0.0222;0.0359;-0.0060
2573;-0.3460;-0.0181;-0.7088;0.0345;0.0437;-0.0671
2574;-0.3448;-0.0181;-0.7055;-0.0088;0.0022;0.0044
2575;-0.3450;-0.0193;-0.7056;0.0808;-0.0024;0.0176
2576;-0.3458;-0.0191;-0.7062;0.0381;0.0045;0.1131
2577;-0.3444;-0.0173;-0.7082;-0.0123;0.0107;0.0742
2578;-0.3447;-0.0180;-0.7052;-0.0287;-0.0215;-0.0800
2579;-0.3452;-0.0179;-0.7052;0.0106;0.0075;-0.0785
2580;-0.3459;-0.0180;-0.7065;0.0263;-0.0650;-0.0469
2581;-0.3446;-0.0177;-0.7074;0.0038;0.0869;0.0162
2582;-0.3454;-0.0172;-0.7070;0.0524;-0.0299;0.0849
2583;-0.3447;-0.0175;-0.7056;0.0533;-0.0268;-0.0296
2596;-0.3454;-0.0190;-0.7066;0.0144;0.0441;0.0518
2597;-0.3457;-0.0159;-0.7075;-0.0337;-0.0383;-0.0717
2598;-0.3443;-0.0164;-0.7043;-0.1199;-0.0291;0.0070
2599;-0.3451;-0.0185;-0.7058;0.0656;-0.0810;0.0017
2600;-0.3444;-0.0169;-0.7082;-0.0408;-0.0244;0.0788
2601;-0.3455;-0.0167;-0.7058;0.0312;-0.0522;-0.0182
2602;-0.3450;-0.0175;-0.7071;0.0694;0.0412;-0.0108
2603;-0.3449;-0.0183;-0.7063;-0.0031;0.0471;-0.0823
2604;-0.3453;-0.0195;-0.7065;-0.0413;0.0080;0.0009
2605;-0.3460;-0.0181;-0.7063;0.0129;-0.0632;0.1032
2617;-0.3462;-0.0187;-0.7051;-0.0708;0.0243;-0.0365
2618;-0.3455;-0.0183;-0.7068;0.0275;0.1655;-0.1189
2619;-0.3446;-0.0176;-0.7075;0.1129;0.1752;-0.0739
2620;-0.3438;-0.0193;-0.7053;0.0511;0.2320;-0.1411
2621;-0.3442;-0.0191;-0.7050;0.0327;-0.0009;0.0536
2622;-0.3445;-0.0186;-0.7060;-0.0741;0.0263;0.0223
2623;-0.3434;-0.0169;-0.7072;0.1182;-0.0284;0.0328
2624;-0.3443;-0.0178;-0.7067;-0.0207;-0.0551;-0.0090
2625;-0.3448;-0.0189;-0.7091;0.0495;0.0037;0.0124
2626;-0.3456;-0.0194;-0.7085;0.1894;0.1121;-0.0295
2640;-0.9991;0.0434;0.2270;-0.2306;-1.8162;2.1371
2641;-0.9963;0.0412;0.2255;-0.0497;3.7205;0.6566
2642;-0.9975;0.0435;0.2194;0.0390;0.5487;0.3009
2643;-0.9981;0.0450;0.2203;-0.0291;1.1793;0.1490
2644;-0.9948;0.0454;0.2177;0.0336;1.9464;0.3192
2645;-0.9962;0.0457;0.2152;0.0296;0.0938;0.2017
2646;-0.9974;0.0464;0.2150;-0.0598;1.7080;0.0589
2647;-0.9957;0.0459;0.2100;0.0869;2.0251;0.0612
2648;-0.9959;0.0458;0.2088;0.0694;-0.0078;0.0372
2649;-0.9965;0.0442;0.2102;0.0335;-0.0391;0.0650
2664;-0.9974;0.0460;0.2079;-0.0283;-0.0795;-0.0556
2665;-0.9978;0.0450;0.2053;-0.0352;0.0571;-0.1029
2666;-0.9956;0.0447;0.2068;-0.0118;-0.0093;-0.0093
2667;-0.9979;0.0469;0.2058;-0.0466;0.0793;0.0828
2668;-0.9964;0.0464;0.2107;-0.0253;0.0137;-0.0625
2669;-0.9961;0.0451;0.2060;0.0304;-0.0169;0.0337
2670;-0.9976;0.0443;0.2074;0.0711;-0.0261;-0.0067
2671;-0.9930;0.0192;0.2038;-0.9551;4.8926;1.8252
2672;-1.0392;0.0849;0.2037;-2.9586;-5.3360;0.5647
2686;0.0138;1.0088;0.2826;-1.1734;-0.1307;0.2177
2687;0.0143;1.0099;0.2698;-0.3108;-0.0368;0.0386
2688;0.0144;1.0103;0.2768;0.5007;-0.0459;-0.0693
2689;0.0152;1.0090;0.2774;-0.0772;0.0434;0.1207
2690;0.0144;1.0081;0.2766;-0.3001;-0.0658;0.0313
2691;0.0135;1.0095;0.2745;0.0381;-0.0503;0.0395
2692;0.0143;1.0096;0.2749;0.1831;-0.0076;-0.0312
2693;0.0164;1.0079;0.2784;-0.0543;0.0060;-0.0052
2694;0.0153;1.0087;0.2742;-0.2100;-0.0011;0.0070
2695;0.0149;1.0083;0.2752;0.1053;-0.0681;-0.0116
2708;0.0171;1.0083;0.2774;0.0427;0.0217;0.0612
2709;0.0161;1.0087;0.2792;0.0526;0.0580;0.0353
2710;0.0169;1.0087;0.2758;-0.0299;-0.0101;0.0207
2711;0.0165;1.0092;0.2771;0.0910;-0.0812;-0.0631
2712;0.0151;1.0089;0.2780;0.0236;-0.0295;-0.0029
2713;0.0174;1.0081;0.2794;-0.0879;0.0216;-0.0403
2714;0.0172;1.0082;0.2762;0.1343;-0.0166;0.1414
2715;0.0161;1.0089;0.2773;0.1106;-0.0312;0.0673
2716;0.0175;1.0085;0.2793;-0.0856;0.0445;-0.0247
2717;0.0174;1.0092;0.2760;-0.1106;-0.0350;0.0711
2729;0.0177;1.0080;0.2793;-0.0108;-0.0011;-0.0785
2730;0.0149;1.0084;0.2786;0.0389;0.0128;0.0597
2731;0.0167;1.0087;0.2784;0.0340;-0.0388;0.0238
2732;0.0160;1.0095;0.2757;0.1083;-0.0197;-0.0402
2733;0.0163;1.0072;0.2781;0.1182;-0.0172;-0.0968
2734;0.0161;1.0097;0.2774;-0.0752;-0.0506;0.0192
2735;0.0169;1.0090;0.2789;0.0121;0.0256;-0.0142
2736;0.0164;1.0093;0.2771;0.1289;-0.0395;0.0295
2737;0.0171;1.0079;0.2784;0.1991;-0.0875;0.0612
2738;0.0167;1.0092;0.2770;-0.0573;0.0101;-0.0226
2739;0.0176;1.0089;0.2767;-0.0268;0.0083;-0.0312
2752;0.0179;1.0099;0.2772;-0.0642;-0.0052;-0.1331
2753;0.0164;1.0092;0.2790;0.0949;-0.0199;-0.0338
2754;0.0155;1.0082;0.2771;0.1175;0.0461;-0.0499
2755;0.0164;1.0100;0.2775;-0.0199;-0.0546;-0.0228
2756;0.0181;1.0091;0.2780;-0.0604;-0.0251;-0.0380
2757;0.0162;1.0071;0.2756;0.0083;0.0274;0.0795
2758;0.0164;1.0086;0.2770;0.2343;-0.0817;0.0172
2759;0.0173;1.0090;0.2774;0.0312;0.0357;-0.1212
2760;0.0168;1.0094;0.2774;-0.1016;0.0197;0.0116
2761;0.0162;1.0085;0.2758;-0.0161;-0.0542;0.0088
2773;0.0168;1.0101;0.2769;-0.0604;-0.0196;0.0055
2774;0.0178;1.0081;0.2783;0.1266;-0.0054;-0.0655
2775;0.0171;1.0073;0.2781;0.0472;0.0276;-0.0052
2776;0.0165;1.0085;0.2783;-0.0841;0.0210;0.0468
2777;0.0179;1.0089;0.2775;-0.1039;0.1072;-0.0579
2778;0.0176;1.0093;0.2765;0.0785;0.1064;0.0910
2779;0.0162;1.0081;0.2778;0.1282;0.0218;0.0559
2780;0.0178;1.0094;0.2800;0.0050;0.0106;-0.0136
2781;0.0172;1.0079;0.2773;-0.0619;-0.0410;0.0124
2782;0.0169;1.0084;0.2774;0.1051;0.0144;0.0452
2795;0.0162;1.0094;0.2788;0.0640;-0.0162;0.0872
2796;0.0172;1.0089;0.2760;0.2121;-0.0884;-0.0098
2797;0.0152;1.0100;0.2799;0.0008;0.0262;0.1178
2798;0.0175;1.0093;0.2774;-0.0054;0.0475;-0.0571
2799;0.0177;1.0085;0.2781;0.0605;-0.0326;-0.0423
2800;0.0170;1.0090;0.2762;0.1656;-0.0453;-0.0098
2801;0.0166;1.0091;0.2765;0.0124;-0.0106;0.0314
2802;0.0163;1.0089;0.2775;-0.0451;0.0173;0.0624
2803;0.0184;1.0093;0.2757;-0.0002;-0.0417;0.0917
2804;0.0168;1.0088;0.2790;0.0167;-0.0467;0.0334
2816;0.0175;1.0084;0.2792;0.0862;-0.0555;-0.0357
2817;0.0172;1.0087;0.2765;-0.0601;0.0898;-0.0243
2818;0.0169;1.0089;0.2768;-0.1131;0.0113;0.0177
2819;0.0157;1.0078;0.2763;0.1167;-0.0004;0.0369
2820;0.0173;1.0086;0.2772;0.0984;0.0066;0.0589
2821;0.0161;1.0097;0.2770;0.0495;0.0256;0.0904
2822;0.0183;1.0083;0.2800;0.0045;-0.0445;0.0316
2823;0.0166;1.0085;0.2782;0.0045;0.0056;-0.0838
2824;0.0180;1.0098;0.2761;-0.0395;0.0043;0.0475
2825;0.0162;1.0090;0.2795;0.0034;-0.0302;-0.0403
2826;0.0172;1.0088;0.2769;0.0066;0.0232;-0.0261
2838;0.0177;1.0083;0.2782;-0.0239;-0.0299;-0.1258
2839;0.0168;1.0086;0.2796;0.0388;-0.0047;-0.1006
2840;0.0165;1.0094;0.2769;-0.0021;0.0186;-0.1067
2841;0.0165;1.0079;0.2794;-0.0405;0.0009;0.0146
2842;0.0167;1.0092;0.2778;-0.0360;-0.0544;0.0108
2843;0.0167;1.0094;0.2769;0.0572;-0.0668;-0.0029
2844;0.0191;1.0090;0.2773;-0.0169;0.0179;-0.0063
2845;0.0169;1.0088;0.2766;-0.0072;-0.0120;-0.0632
2846;0.0163;1.0094;0.2774;-0.0294;-0.0069;-0.2321
2847;0.0173;1.0093;0.2796;-0.0171;-0.0228;-0.0938
2865;0.0166;1.0081;0.2768;-0.0344;0.0224;-0.0135
2866;0.0168;1.0079;0.2775;0.0210;-0.0780;-0.1182
2867;0.0163;1.0089;0.2764;0.1595;-0.0040;-0.0006
2868;0.0177;1.0094;0.2792;0.0495;-0.0700;-0.0881
2869;0.0175;1.0094;0.2786;-0.0917;-0.0201;0.0459
2870;0.0162;1.0089;0.2752;0.0449;0.0242;-0.0867
2871;0.0190;1.0096;0.2755;0.1595;-0.0069;-0.0991
2872;0.0160;1.0074;0.2792;0.1930;-0.0089;0.0082
2884;0.0174;1.0087;0.2768;0.1503;-0.0612;-0.0716
2885;0.0171;1.0091;0.2777;0.1037;0.0198;0.0314
2886;0.0180;1.0091;0.2792;0.0220;0.0411;0.0406
2887;0.0184;1.0089;0.2760;-0.0871;-0.0379;-0.0211
2888;0.0166;1.0092;0.2752;-0.0905;0.0222;0.0667
2889;0.0177;1.0102;0.2770;0.1434;0.0184;-0.0044
2890;0.0176;1.0085;0.2774;-0.0367;0.0180;0.0658
2891;0.0170;1.0075;0.2771;-0.0192;-0.0001;-0.0373
2892;0.0185;1.0079;0.2779;-0.2097;0.0739;-0.0060
2893;0.0162;1.0091;0.2752;0.2343;0.0350;0.0032
2906;0.0174;1.0091;0.2784;0.0204;-0.0513;-0.0266
2907;0.0185;1.0087;0.2775;0.0205;-0.0673;0.0116
2908;0.0166;1.0105;0.2790;-0.1413;-0.1054;0.0902
2909;0.0176;1.0080;0.2769;0.0242;-0.0414;0.1650
2910;0.0171;1.0092;0.2789;0.0946;-0.0103;-0.0388
2911;0.0169;1.0079;0.2762;-0.0299;-0.0227;-0.0472
2912;0.0169;1.0081;0.2775;-0.0619;0.0243;0.0475
2913;0.0169;1.0084;0.2787;0.1511;-0.0472;-0.0960
2914;0.0175;1.0088;0.2791;0.0075;0.0610;-0.1067
2915;0.0184;1.0084;0.2780;-0.0176;-0.0264;-0.0889
2916;0.0176;1.0090;0.2776;-0.0375;-0.0044;0.0124
2917;0.0170;1.0070;0.2777;-0.0099;-0.0613;-0.0577
2930;0.0183;1.0092;0.2784;-0.0398;-0.0643;-0.0197
2931;0.0185;1.0093;0.2810;-0.0016;0.0396;0.0261
2932;0.0175;1.0094;0.2782;-0.0459;0.0067;-0.0960
2933;0.0186;1.0090;0.2787;0.0000;-0.0497;0.0543
2934;0.0179;1.0098;0.2809;0.1022;-0.0064;0.0085
2935;0.0174;1.0087;0.2797;0.0732;-0.0244;-0.1047
2936;0.0176;1.0089;0.2783;-0.0138;-0.0588;-0.0174
2937;0.0167;1.0092;0.2776;-0.0772;0.0648;-0.0504
2938;0.0167;1.0092;0.2785;0.1472;0.0589;-0.1411
2939;0.0178;1.0088;0.2799;0.2030;0.0075;-0.0586
2952;0.0178;1.0085;0.2767;0.1511;-0.0232;-0.0655
2953;0.0176;1.0099;0.2783;0.1075;-0.0438;-0.1273
2954;0.0183;1.0096;0.2786;-0.1344;-0.0278;0.1009
2955;0.0179;1.0094;0.2778;-0.1230;0.0994;-0.1296
2956;0.0171;1.0101;0.2770;0.0056;0.0289;0.0172
2957;0.0187;1.0085;0.2801;0.2587;-0.0362;0.0261
2958;0.0183;1.0085;0.2789;-0.1772;0.0632;0.0985
2959;0.0178;1.0084;0.2772;-0.2222;0.0022;0.0305
2960;0.0185;1.0083;0.2763;0.0381;0.0146;-0.0472
2961;0.0177;1.0091;0.2791;0.3140;-0.0259;-0.0418
2962;0.0177;1.0092;0.2794;0.0304;0.0242;0.0253
2963;0.0182;1.0097;0.2780;-0.1894;-0.0077;0.0160
2964;0.0183;1.0085;0.2797;0.0304;-0.0343;-0.0258
2977;0.0165;1.0084;0.2786;0.0831;-0.0101;-0.0762
2978;0.0178;1.0094;0.2786;0.0625;-0.0252;0.0307
2979;0.0182;1.0098;0.2778;-0.0428;0.0197;-0.0128
2980;0.0182;1.0094;0.2778;-0.0703;0.0299;-0.0602
2981;0.0178;1.0083;0.2770;0.1121;-0.0311;0.0688
2982;0.0173;1.0086;0.2797;0.1824;-0.0309;-0.0182
2983;0.0189;1.0083;0.2778;0.0030;0.0027;-0.0718
2984;0.0188;1.0083;0.2779;-0.1696;0.0469;-0.0060
2985;0.0182;1.0090;0.2774;-0.1405;0.0447;-0.0401
2998;0.0189;1.0081;0.2783;0.0297;-0.0299;0.0528
2999;0.0173;1.0084;0.2783;0.0379;-0.0078;0.0849
3000;0.0176;1.0098;0.2804;-0.1100;-0.0284;-0.0052
3001;0.0189;1.0093;0.2792;-0.0062;0.0258;0.0124
3002;0.0171;1.0088;0.2774;-0.0291;-0.0307;0.0309
3003;0.0184;1.0087;0.2774;0.0045;-0.0160;-0.0093
3004;0.0177;1.0089;0.2801;0.0953;0.0226;0.0093
3005;0.0185;1.0087;0.2787;0.0095;-0.0513;-0.0235
3006;0.0183;1.0090;0.2787;-0.0344;-0.0146;-0.0502
3007;0.0187;1.0094;0.2794;-0.0390;0.0434;0.0062
3020;0.0184;1.0087;0.2796;0.2220;-0.0128;0.0062
3021;0.0174;1.0088;0.2788;-0.2077;-0.0128;0.0627
3022;0.0180;1.0090;0.2761;-0.0932;0.0823;0.0131
3023;0.0162;1.0097;0.2780;-0.0573;0.0235;-0.0182
3024;0.0190;1.0084;0.2802;0.3152;0.0235;-0.0212
3025;0.0177;1.0097;0.2774;-0.1169;0.0083;0.0872
3026;0.0174;1.0087;0.2771;-0.0268;-0.0149;-0.0748
3027;0.0190;1.0089;0.2776;-0.0497;0.0083;-0.0083
3028;0.0177;1.0088;0.2762;0.1907;-0.0210;0.0383
3029;0.0165;1.0099;0.2781;0.1144;-0.0102;0.0169
3030;0.0187;1.0087;0.2773;0.1005;-0.0130;0.0582
3042;0.0197;1.0084;0.2818;0.2778;-0.0146;-0.0128
3043;0.0173;1.0093;0.2786;-0.6138;0.0005;0.0925
3044;0.0181;1.0096;0.2754;0.1610;0.0899;-0.0800
3045;0.0186;1.0094;0.2786;0.4220;-0.0270;0.0780
3046;0.0192;1.0080;0.2815;0.0297;-0.0120;0.0505
3047;0.0198;1.0086;0.2776;-0.2512;0.0252;0.0070
3048;0.0171;1.0085;0.2767;-0.0215;0.0143;0.1024
3049;0.0176;1.0102;0.2778;0.1877;0.0001;-0.0765
3050;0.0186;1.0086;0.2788;0.0648;-0.0641;-0.0800
3051;0.0181;1.0081;0.2795;-0.0635;0.0449;0.0215
3052;0.0178;1.0089;0.2787;-0.0497;-0.0100;-0.0228
